Participant_id,Trial,Experiment_id,Start_time,Valence,Valence_L,Arousal,Arousal_L,Dominance,Liking,Familiarity
1,1,5,1695918,6.96,positive,3.92,negative,7.19,6.05,4
1,2,18,2714905,7.23,positive,7.15,positive,6.94,8.01,4
1,3,4,3586768,4.94,negative,6.01,positive,6.12,8.06,4
1,4,24,4493800,7.04,positive,7.09,positive,8.01,8.22,4
1,5,20,5362005,8.26,positive,7.91,positive,7.19,8.13,1
1,6,31,6176062,3.03,negative,8.14,positive,2.86,8.04,1
1,7,40,7138735,5.1,positive,7.12,positive,6.17,5.97,3
1,8,39,8081417,3.24,negative,6.18,positive,7.87,6.15,1
1,9,13,8960934,1.95,negative,3.12,negative,2.87,6.18,1
1,10,33,9816492,3.81,negative,3.85,negative,4.78,5.13,1
1,11,6,10696693,8.27,positive,3.92,negative,7,8.03,2
1,12,10,11559734,1.99,negative,4.86,negative,2.04,7.09,2
1,13,35,12593050,2.06,negative,8.15,positive,8.05,5.18,1
1,14,22,13429432,7.09,positive,2.08,negative,7.06,7.37,1
1,15,15,14230827,3.17,negative,8.08,positive,2.91,5.04,1
1,16,17,15040219,2.46,negative,6.91,positive,6.77,6.41,4
1,17,36,15852443,2.9,negative,6.92,positive,6.5,3.87,1
1,18,34,16671331,2.28,negative,7.09,positive,7.28,6.92,1
1,19,14,17538704,4.18,negative,2.24,negative,3.04,5.04,4
1,20,27,18394413,7.35,positive,6.95,positive,7.03,7.29,4
1,21,11,21438533,2.99,negative,2.36,negative,3.63,6.24,1
1,22,30,22211440,2.08,negative,2.99,negative,3.22,7.33,2
1,23,29,23070480,1.36,negative,2.27,negative,3,8.14,2
1,24,1,23886202,7.71,positive,7.6,positive,6.9,7.83,5
1,25,7,24727583,7.44,positive,3.73,negative,7.08,7.04,2
1,26,32,25513149,2.28,negative,8,positive,3.27,3.95,4
1,27,12,26324041,2.71,negative,2.77,negative,3.4,7.35,1
1,28,16,27096611,6.81,positive,7.44,positive,8.15,7.14,3
1,29,25,27849356,8.86,positive,7.21,positive,8.65,7.21,2
1,30,28,28631424,3.88,negative,3.35,negative,4.01,7.87,1
1,31,8,29432485,7.32,positive,2.55,negative,6.32,5.87,4
1,32,3,30256705,8.58,positive,7.54,positive,9,7.08,5
1,33,38,31027614,3.33,negative,7.18,positive,6.54,6.62,1
1,34,37,31824673,2.31,negative,6.88,positive,3.1,6.77,1
1,35,19,32609406,7.17,positive,8,positive,8.1,6.79,4
1,36,2,33358152,8.1,positive,7.31,positive,7.28,8.47,2
1,37,21,34106731,9,positive,7.95,positive,8.37,7.86,2
1,38,23,34848979,8.15,positive,3.01,negative,7.37,7.9,1
1,39,9,35645376,4.04,negative,3.29,negative,3.62,5.99,5
1,40,26,36420779,7.28,positive,7.27,positive,7.41,8.24,3
2,1,27,9130709,4.96,negative,5.01,positive,3.01,5.05,
2,2,17,10018910,9,positive,3,negative,6.03,7.41,
2,3,35,10907105,1.99,negative,2,negative,1,1,
2,4,31,11803301,4.06,negative,7.05,positive,1,9,
2,5,38,12645182,1,negative,9,positive,1,1,
2,6,32,13431914,1,negative,9,positive,2.01,1,
2,7,30,14241973,2.01,negative,7.05,positive,1,7.13,
2,8,33,15077689,5,negative,8.03,positive,3.01,1,
2,9,24,15891248,7.08,positive,9,positive,6.06,9,
2,10,29,16734959,2.99,negative,7.04,positive,7.03,9,
2,11,20,17534354,8.97,positive,9,positive,8.03,9,
2,12,12,18328085,8.01,positive,6.06,positive,7.12,9,
2,13,28,19107153,4.06,negative,4.97,negative,7.14,7.04,
2,14,37,19895552,1,negative,8.06,positive,1,1,
2,15,7,20658459,4.96,negative,1.99,negative,4.08,1,
2,16,6,21473014,5,negative,4.94,negative,5.04,1.01,
2,17,26,22268579,9,positive,8.04,positive,9,9,
2,18,18,23070306,9,positive,6.15,positive,9,8.08,
2,19,8,26149925,9,positive,9,positive,9,9,
2,20,2,26906168,8.01,positive,7.1,positive,8.04,8.08,
2,21,11,27803863,7.08,positive,1,negative,7.01,7,
2,22,4,28562106,6.05,positive,1,negative,5.04,7.03,
2,23,19,29525945,9,positive,8.32,positive,8.06,6.99,
2,24,14,30468625,8.94,positive,9,positive,8.97,9,
2,25,23,31228534,1,negative,2.97,negative,1,7.82,
2,26,13,31999938,9,positive,4.99,negative,9,9,
2,27,25,32765179,9,positive,9,positive,8.1,9,
2,28,39,33568406,1,negative,1,negative,2.97,1,
2,29,40,34353639,6.05,positive,6.67,positive,6.94,6.53,
2,30,9,35133041,9,positive,7,positive,9,7.18,
2,31,21,35891446,1,negative,1,negative,5.04,1,
2,32,22,36658023,5,negative,1,negative,4.97,5,
2,33,5,37446589,5.04,positive,3,negative,3.65,5.04,
2,34,1,38220492,9,positive,5.03,positive,7.13,6.62,
2,35,15,39004893,9,positive,8.01,positive,8.06,9,
2,36,36,39780463,5.04,positive,1,negative,7.09,1,
2,37,3,40549701,9,positive,9,positive,8.96,8.05,
2,38,34,41301779,4.87,negative,1,negative,6.99,1,
2,39,10,42088012,4.99,negative,1,negative,9,1,
2,40,16,42869078,6,positive,5.05,positive,8.05,6.14,
3,1,16,3542958,7.15,positive,4.37,negative,4.03,7.54,1
3,2,6,4350184,6.79,positive,1.97,negative,4.38,7.32,2
3,3,25,5184233,3.45,negative,1.41,negative,2.9,6.87,4
3,4,22,6023282,4.94,negative,1,negative,4.13,6.21,1
3,5,32,6820511,5.17,positive,4.49,negative,5.91,6.55,2
3,6,18,7611909,7.1,positive,2.13,negative,5.04,6.32,4
3,7,1,8391310,5.33,positive,4.67,negative,4.97,4.45,4
3,8,26,9217535,4.67,negative,1.18,negative,2.64,6.94,2
3,9,29,10013759,4.47,negative,3.85,negative,3.08,7.14,5
3,10,31,10800496,4.44,negative,4.06,negative,4.63,5,1
3,11,2,11618381,7.21,positive,4.44,negative,5.22,6.23,5
3,12,8,12450599,7.14,positive,4.33,negative,5.74,6.35,5
3,13,21,13229000,4.99,negative,6.44,positive,4.54,6.55,1
3,14,37,14093705,4.92,negative,6.05,positive,5.46,5.26,1
3,15,39,14859113,4.33,negative,6.21,positive,5.68,4.62,1
3,16,27,15659675,6.72,positive,3.29,negative,4.46,6.22,1
3,17,19,16435578,8.14,positive,3.17,negative,5.47,7.97,5
3,18,14,17208649,7.29,positive,3.86,negative,4.4,7.29,5
3,19,36,17981053,5.01,positive,5.5,positive,4.54,3.86,1
3,20,13,18777782,7.91,positive,2.97,negative,3.68,6.99,1
3,21,30,24625116,3.87,negative,3.09,negative,2.72,6.12,2
3,22,11,25398684,7.94,positive,3.12,negative,4.23,7.1,1
3,23,4,26204244,4.69,negative,3.69,negative,5,4.19,1
3,24,12,27014964,6.36,positive,3.15,negative,3.12,6.29,1
3,25,35,27772378,3.18,negative,5.04,positive,5.65,3.15,1
3,26,5,28596431,6.92,positive,4.44,negative,5.56,7.17,4
3,27,20,29406985,6.26,positive,3.13,negative,4.32,5.23,4
3,28,38,30184892,4.53,negative,5.68,positive,5.65,5.49,1
3,29,40,30966793,5.38,positive,4.33,negative,5.67,5.29,1
3,30,34,31753143,4.72,negative,8.12,positive,5.85,5.33,2
3,31,17,32546423,4.56,negative,1.78,negative,4.1,5.41,2
3,32,9,33319660,7.33,positive,3.23,negative,5.99,7.78,5
3,33,10,34117223,4.45,negative,5.49,positive,5.71,5.23,1
3,34,15,34987760,7.36,positive,2.92,negative,3.81,5.88,1
3,35,33,35755666,4.05,negative,3.83,negative,5.5,4.99,1
3,36,7,36564225,5.45,positive,3.01,negative,5.04,5.79,4
3,37,23,37355956,3.65,negative,2.5,negative,3.03,5.92,1
3,38,28,38128527,5.59,positive,2.51,negative,2.65,6.59,1
3,39,24,38912260,3.31,negative,2.27,negative,1.91,6.78,5
3,40,3,39678662,7.55,positive,2.81,negative,5.91,6.81,2
4,1,20,2644761,8.17,positive,8.05,positive,6.08,9,2
4,2,30,3488640,3.1,negative,3.08,negative,3.06,7.05,3
4,3,11,4328854,7.24,positive,7.08,positive,6.08,7.01,1
4,4,12,5135079,5.04,positive,5.04,positive,5.04,5.08,1
4,5,10,5903810,3.15,negative,3.99,negative,4.12,4.04,1
4,6,7,6675555,2.94,negative,1.99,negative,2.92,2.1,1
4,7,9,7513775,6.05,positive,3.96,negative,5.06,5.04,5
4,8,6,8303667,5.01,positive,2.95,negative,4.04,5.09,1
4,9,39,9127053,1.92,negative,2.96,negative,1.82,2.01,1
4,10,25,9948939,7,positive,6.04,positive,5.01,6.08,1
4,11,23,10702349,1.86,negative,2.04,negative,1,5.99,1
4,12,4,11473587,6.1,positive,3.92,negative,4.19,3.94,1
4,13,2,12234827,4.06,negative,3.31,negative,1.99,4.05,1
4,14,8,12999067,5.97,positive,5.05,positive,7.14,5.85,4
4,15,17,13749318,7.01,positive,5.95,positive,6.04,7.03,1
4,16,14,14503221,6.96,positive,6.97,positive,5.23,6.21,2
4,17,40,15250800,1.86,negative,2.91,negative,1.88,3,1
4,18,3,16030367,8.95,positive,8.1,positive,5.85,8.12,1
4,19,15,16786274,6.96,positive,7.05,positive,3.28,6.97,1
4,20,21,17542519,1.77,negative,2.06,negative,3.73,2.26,1
4,21,34,18369904,2.17,negative,2.18,negative,3.46,1.92,1
4,22,38,19116316,1.79,negative,1.85,negative,1.78,1.99,1
4,23,37,19866888,1,negative,1,negative,1,1,1
4,24,36,20641969,2.72,negative,2.76,negative,1.99,2.33,1
4,25,24,21397706,2.71,negative,5.13,positive,2.04,7.19,5
4,26,27,22198433,6.14,positive,6.13,positive,4.92,7.08,2
4,27,29,22965838,1.85,negative,4.88,negative,1.95,8.13,5
4,28,1,23734576,6.68,positive,5.03,positive,8.22,8.14,1
4,29,28,24528353,2.17,negative,6.96,positive,3.03,8.06,1
4,30,35,25301709,2.03,negative,2.88,negative,1.06,3.37,1
4,31,31,26068114,2.01,negative,2.23,negative,1,1.94,1
4,32,13,26833687,4.12,negative,4.88,negative,5.05,5.17,1
4,33,19,27598260,7.09,positive,6.22,positive,5.92,6.21,1
4,34,26,28362166,6,positive,4.09,negative,3.96,5.04,1
4,35,5,29111244,4.06,negative,5.04,positive,4.15,4.88,1
4,36,33,29866321,1,negative,1.97,negative,3.67,1.95,1
4,37,16,30639390,2.51,negative,2.95,negative,1.08,3.03,1
4,38,22,31405963,1.86,negative,2.78,negative,4.97,3.92,1
4,39,18,32166037,4.9,negative,2.85,negative,4.72,2.87,1
4,40,32,32940273,1.01,negative,6.15,positive,1.09,2.1,1
5,1,40,6890645,7,positive,6.96,positive,8,2.92,2
5,2,12,7766846,7.08,positive,4.03,negative,3.12,8,2
5,3,37,8646546,1.91,negative,7.01,positive,6.04,1,2
5,4,26,9524579,7.96,positive,3,negative,1,9,2
5,5,25,10365797,5.96,positive,4.87,negative,3.06,7.05,2
5,6,19,11196842,8.03,positive,4.97,negative,4.05,8.04,1
5,7,11,12016896,9,positive,6,positive,6.03,7.1,2
5,8,2,12841449,9,positive,9,positive,7.97,9,1
5,9,32,13634136,1.94,negative,4.12,negative,2.06,1.94,2
5,10,7,14507713,5.12,positive,6.97,positive,5.04,4.96,1
5,11,27,15305608,7,positive,1.99,negative,2,6.27,3
5,12,38,16128826,1,negative,3.91,negative,6.13,1.04,1
5,13,17,16973038,6.88,positive,2.96,negative,3.01,6.91,1
5,14,1,17780931,6.97,positive,4.9,negative,2.99,5.92,2
5,15,18,18642302,8.05,positive,3.97,negative,3.01,6.04,3
5,16,10,19502175,3.03,negative,4,negative,8.03,3.97,2
5,17,31,20315564,6.9,positive,6.04,positive,7.95,4.05,3
5,18,13,21118624,4.94,negative,2.88,negative,4,4.12,2
5,19,24,21900024,4,negative,5.04,positive,4.12,6.03,3
5,20,34,22708748,6.03,positive,6.97,positive,8.1,6,1
5,21,36,25538949,4.91,negative,9,positive,9,3.88,2
5,22,4,26372998,8.24,positive,5.08,positive,6.01,7.04,1
5,23,21,27148734,4,negative,2.87,negative,2.99,3.97,2
5,24,30,27953459,2.94,negative,8.1,positive,9,9,1
5,25,29,28780010,4.04,negative,3.01,negative,1.91,5.05,3
5,26,33,29576405,5.17,positive,9,positive,8.01,3.99,1
5,27,20,30409454,7,positive,1.99,negative,1,8.04,4
5,28,14,31208348,7.21,positive,4.01,negative,2.95,8.05,2
5,29,15,31986916,6.97,positive,6.05,positive,1,7.99,3
5,30,5,32819798,3.04,negative,4.01,negative,5.08,4.04,1
5,31,16,33610695,5.96,positive,5.04,positive,4.01,7.97,1
5,32,28,34391225,3.9,negative,4.08,negative,2.86,5.04,2
5,33,35,35183825,4.86,negative,8.1,positive,8.17,3.97,1
5,34,3,35958400,4.95,negative,4.88,negative,2.06,7.01,1
5,35,22,36755456,6.99,positive,7.95,positive,1.99,8.97,2
5,36,9,37588796,6.94,positive,4.95,negative,3.99,4.04,1
5,37,8,38387732,8.17,positive,5.91,positive,4.04,7.04,1
5,38,6,39169799,8.09,positive,7.08,positive,4.94,7.14,1
5,39,39,39936870,1,negative,4.86,negative,7.05,1,1
5,40,23,40720603,1,negative,7.05,positive,7,1.96,2
6,1,31,4863503,3.65,negative,3.49,negative,4.05,6.36,1
6,2,5,5941302,7.01,positive,7.38,positive,6.55,7.36,5
6,3,38,6807507,4.44,negative,5.58,positive,3.12,5.04,1
6,4,20,7827159,5.01,positive,3.05,negative,6.59,3.03,1
6,5,32,8705026,6.99,positive,4.5,negative,7.12,8.05,5
6,6,11,9549738,4.99,negative,2.5,negative,7.31,4.03,1
6,7,18,10445101,7.59,positive,5.81,positive,6.14,6.37,5
6,8,7,11258984,8.26,positive,8.27,positive,7.28,8,5
6,9,15,12117696,5.59,positive,3.79,negative,3.68,4.04,1
6,10,27,12985900,5.08,positive,3.47,negative,3.74,3.08,1
6,11,30,13875929,6.99,positive,3.79,negative,3.83,7.1,3
6,12,10,14773790,7.37,positive,5.46,positive,8.4,8.03,3
6,13,37,15608172,4.83,negative,5.74,positive,4.56,2.18,1
6,14,16,16467217,5.06,positive,7.45,positive,3.67,7.08,1
6,15,21,17284933,6.28,positive,4.59,negative,3.42,6.13,1
6,16,14,18134977,6.32,positive,3.49,negative,7.4,5.38,5
6,17,36,18938703,5.71,positive,6.21,positive,8.49,7.46,1
6,18,34,19755090,3.31,negative,4.45,negative,6.23,2.36,1
6,19,26,20572146,5.08,positive,3.37,negative,6.22,2.79,2
6,20,24,21348881,3.5,negative,4.01,negative,3.41,4.22,5
6,21,39,22761399,6.56,positive,6.5,positive,7.53,7.4,1
6,22,28,23552962,6.42,positive,3.62,negative,7.78,6.99,1
6,23,2,24331697,6.83,positive,6.62,positive,7.08,5.96,2
6,24,12,25151417,7.17,positive,3.12,negative,6.87,2.99,1
6,25,13,26006958,7.79,positive,3.95,negative,7.38,6.99,1
6,26,9,26811851,7.87,positive,5.13,positive,6.1,8.28,5
6,27,40,27646899,4.85,negative,4.64,negative,5.04,5.03,1
6,28,23,28469451,3.47,negative,3.54,negative,3.59,4.55,1
6,29,19,29268346,7.41,positive,5.6,positive,6.67,6.91,5
6,30,3,30120389,7.69,positive,5.99,positive,6.87,6.49,5
6,31,25,30941109,7.09,positive,6.42,positive,3.49,6.36,3
6,32,4,31727674,7.55,positive,6.79,positive,7.56,7.05,5
6,33,17,32531067,6.72,positive,3.63,negative,2.88,6.15,4
6,34,22,33318298,7.56,positive,3.19,negative,2.46,7.23,1
6,35,29,34089368,4.27,negative,5.45,positive,3.71,6.63,4
6,36,33,34917586,6.68,positive,4.37,negative,7.96,3.88,1
6,37,1,35687490,8.19,positive,4.13,negative,6.56,7.47,5
6,38,8,36555024,7.05,positive,2.69,negative,5,6.83,5
6,39,6,37428063,8.05,positive,4.5,negative,7.58,6.63,3
6,40,35,38227457,3.96,negative,5.71,positive,3.06,3.71,1
7,1,17,4279702,7.12,positive,2.05,negative,3,8.1,5
7,2,27,5147406,6.09,positive,3.04,negative,1.96,7.97,5
7,3,30,6025940,3.09,negative,6.08,positive,5.04,2.96,5
7,4,29,6882483,7.09,positive,2.94,negative,1,7,5
7,5,3,7729859,7.1,positive,4.12,negative,3.03,6.09,5
7,6,4,8561242,7.08,positive,5.03,positive,3,2.97,5
7,7,26,9382461,2,negative,4.04,negative,3.13,7.08,5
7,8,34,10215011,4.01,negative,7.13,positive,7.06,2,1
7,9,33,11045227,4.97,negative,7.08,positive,6.99,7,1
7,10,6,11880109,6.97,positive,6.04,positive,3,7.03,1
7,11,38,12694498,5.03,positive,7.1,positive,7.03,5.99,1
7,12,25,13523215,2.99,negative,3.03,negative,1.99,7.1,3
7,13,18,14333439,7.03,positive,3.06,negative,5.03,7.01,5
7,14,37,15162656,5.05,positive,7.04,positive,7.12,7.03,5
7,15,8,15972046,7,positive,5.99,positive,7.04,7.06,5
7,16,22,16773759,3.05,negative,2.03,negative,1,6.94,5
7,17,9,17608486,6.99,positive,4,negative,7.08,7.05,5
7,18,15,18392387,7.99,positive,3.01,negative,1,7.03,5
7,19,2,19170787,7.15,positive,5.96,positive,3.96,6.91,1
7,20,39,19988343,7.01,positive,7.01,positive,7.05,7.08,1
7,21,19,22129279,6.99,positive,6.04,positive,6.03,7,5
7,22,7,22925837,7.08,positive,7.06,positive,7.06,7.03,5
7,23,20,23710573,8.06,positive,6.06,positive,2.05,7.14,5
7,24,10,24542456,7.09,positive,7.04,positive,8.06,7.09,5
7,25,31,25332520,6.96,positive,7.03,positive,5.03,7.05,5
7,26,21,26107089,3.12,negative,5.99,positive,6.06,6.94,5
7,27,40,26877992,7.01,positive,7.03,positive,6.03,7.05,1
7,28,1,27667719,8.1,positive,4.01,negative,1.92,7.06,2
7,29,23,28459061,3.01,negative,3.04,negative,5.03,6.96,5
7,30,35,29289613,5.01,positive,8.05,positive,8.09,6.92,5
7,31,32,30108224,4.96,negative,7.09,positive,8.05,7.99,5
7,32,13,30939773,8,positive,2.96,negative,1.94,7.1,2
7,33,14,31736168,7.09,positive,5.03,positive,4.97,7.12,1
7,34,5,32565052,7.05,positive,6.99,positive,6.04,8.05,5
7,35,11,33357781,7.03,positive,7.09,positive,2.97,8.06,2
7,36,24,34158342,1.97,negative,7.03,positive,1,7.1,5
7,37,12,35012217,6.99,positive,4.05,negative,5,7.1,1
7,38,36,35822107,8.1,positive,9,positive,7,7.01,5
7,39,28,36608506,2.05,negative,2,negative,3.01,6.95,2
7,40,16,37450718,3.03,negative,5.04,positive,3.95,7.05,1
8,1,22,2205910,4.23,negative,5.79,positive,1.19,7.79,2
8,2,34,3082277,5.05,positive,6.83,positive,5.92,6.69,1
8,3,9,3981471,8.78,positive,7.24,positive,6.35,8.22,3
8,4,32,4785530,6.33,positive,8.23,positive,8.23,8.83,5
8,5,30,5600918,1.4,negative,3.13,negative,1.21,7.95,4
8,6,11,6417473,8.41,positive,5,negative,5.12,7.54,1
8,7,7,7230362,5.04,positive,5.04,positive,5.04,4.95,1
8,8,23,8013262,3.59,negative,3.68,negative,3.44,6.6,2
8,9,4,8839473,6.82,positive,8.23,positive,5,8.12,1
8,10,8,9619047,8.82,positive,6.4,positive,6.31,8.53,5
8,11,20,10420441,6.74,positive,4.21,negative,6.44,7.08,4
8,12,16,11209505,4.21,negative,5.06,positive,5,6.24,2
8,13,17,11995070,6.67,positive,4.77,negative,5.04,6.6,1
8,14,13,12783135,7.9,positive,5.09,positive,3.9,8.1,1
8,15,28,13600023,5.04,positive,4.96,negative,5.04,8.68,1
8,16,24,14368261,4.15,negative,4.56,negative,3.35,7.86,5
8,17,40,15153332,3.13,negative,5.03,positive,4.95,3.81,1
8,18,35,15967221,3.62,negative,6.67,positive,6.74,5.9,1
8,19,31,16738452,1.45,negative,6.6,positive,1.45,3.27,3
8,20,29,17519686,2.78,negative,2.99,negative,3.62,7.15,4
8,21,38,19006176,4.72,negative,4.69,negative,5.65,5.65,1
8,22,1,19820234,7.6,positive,6.78,positive,7.86,7.47,1
8,23,21,20616796,4.68,negative,6.41,positive,6.27,7.33,1
8,24,33,21443681,4.44,negative,6.44,positive,5.94,5.51,1
8,25,15,22282895,8.33,positive,5.04,positive,5.17,7.31,2
8,26,18,23100616,7.21,positive,4.03,negative,5.44,6.64,1
8,27,5,23907673,4.41,negative,7.72,positive,5.62,6.67,3
8,28,19,24748554,5.04,positive,6.28,positive,5.04,5.81,1
8,29,27,25519957,4.46,negative,4.59,negative,6.65,6.21,3
8,30,37,26311521,5.06,positive,3.31,negative,3.21,4.55,1
8,31,6,27123240,7.4,positive,7.26,positive,5.94,7.04,3
8,32,26,27940965,4.99,negative,4.99,negative,5.04,7.44,5
8,33,39,28765517,5.05,positive,3.46,negative,3.45,2.88,1
8,34,10,29553915,4.97,negative,3.6,negative,6.94,3.77,1
8,35,12,30334315,8.47,positive,6.54,positive,4.01,8.19,1
8,36,36,31098721,1.21,negative,7.94,positive,3.03,9,2
8,37,2,31921607,5.04,positive,6.51,positive,5.65,6.32,2
8,38,14,32684677,6.88,positive,4.97,negative,5.12,7.38,5
8,39,25,33462415,3.72,negative,3.9,negative,3.5,7.71,3
8,40,3,34230817,8.15,positive,6.96,positive,7.33,7.96,1
9,1,1,3045789,5.05,positive,4.04,negative,3.01,4.97,2
9,2,9,3903330,5.96,positive,4.05,negative,4.04,5.01,4
9,3,7,4717218,5.08,positive,5.01,positive,3.9,5.03,1
9,4,10,5566262,3.94,negative,3.96,negative,3.99,3.96,2
9,5,14,6406642,7,positive,6.13,positive,7.12,7.04,5
9,6,35,7243023,3.01,negative,6.03,positive,2.96,5.96,2
9,7,4,8076571,5.99,positive,5.97,positive,5.03,6.09,1
9,8,24,8867302,4.03,negative,5.01,positive,6.08,4.97,5
9,9,18,9731173,4.9,negative,4.97,negative,4.96,5.03,3
9,10,37,10521570,2.99,negative,6.09,positive,2.97,6.06,1
9,11,29,11339957,3.99,negative,4.15,negative,3,4.99,3
9,12,30,12169009,4.04,negative,6.06,positive,3.96,6.06,3
9,13,40,12966735,5.04,positive,5.01,positive,4.04,4.96,1
9,14,11,13772460,7.12,positive,7.1,positive,7.14,7,1
9,15,17,14564690,6.03,positive,6.04,positive,5.03,6.06,1
9,16,20,15337759,5.12,positive,4.97,negative,5,5.29,1
9,17,25,16131324,5.04,positive,4.04,negative,5.04,5.04,4
9,18,6,16924884,7.04,positive,6.19,positive,6.13,7.08,4
9,19,16,17705618,4.05,negative,4,negative,3.87,6.04,1
9,20,12,18524005,7.08,positive,6.99,positive,7.09,6.13,1
9,21,27,23202409,5.04,positive,5.05,positive,4.97,5.03,4
9,22,34,24033292,5.06,positive,6.1,positive,4.01,6.03,2
9,23,22,24852679,3.99,negative,4,negative,3.97,4.99,1
9,24,5,25611254,4.99,negative,4.96,negative,3.94,5.12,1
9,25,28,26390321,2.96,negative,7.08,positive,2.96,6.05,5
9,26,38,27224870,2.92,negative,6.09,positive,1.99,6.12,1
9,27,3,28090907,7.08,positive,7.14,positive,7.09,7.06,4
9,28,31,28866476,6.06,positive,6.06,positive,5.03,6.05,1
9,29,23,29678532,5,negative,4.97,negative,3.09,5.97,2
9,30,21,30505583,4.04,negative,4.01,negative,4.12,4,1
9,31,19,31282152,3.97,negative,4.03,negative,3.94,4.99,1
9,32,2,32042725,7.08,positive,6.14,positive,5,7.03,2
9,33,36,32808299,3.08,negative,7.05,positive,6.95,7.06,2
9,34,39,33597524,3.17,negative,6.1,positive,4.03,6.04,1
9,35,13,34378095,8.15,positive,7.04,positive,8.17,8.08,2
9,36,15,35157496,6.21,positive,6.01,positive,4.99,6.06,2
9,37,32,35921902,3.1,negative,5.97,positive,3.06,4.06,4
9,38,8,36721462,6.15,positive,5,negative,5.03,5.99,2
9,39,26,37496856,4.1,negative,4.1,negative,4.03,5.12,5
9,40,33,38269600,3.08,negative,4.06,negative,2.96,4.13,2
10,1,11,3567112,8.99,positive,7.14,positive,7.09,9,4
10,2,24,4389831,6.82,positive,2.03,negative,6.05,1.73,4
10,3,8,5219214,5.68,positive,4.05,negative,6.05,6.22,4
10,4,32,6035436,5.96,positive,7.47,positive,9,6.44,2
10,5,37,6855323,2.92,negative,6.26,positive,4.78,3.04,1
10,6,14,7671044,8.81,positive,4.91,negative,5.9,7.97,5
10,7,7,8465604,8.96,positive,7.58,positive,4.95,7.09,1
10,8,12,9252171,5.37,positive,4.37,negative,3.95,6.65,1
10,9,19,10076056,7.82,positive,5.19,positive,6.01,7.82,5
10,10,13,10885780,6.72,positive,3.64,negative,4.67,6.08,1
10,11,22,11667347,4.24,negative,2.96,negative,4.04,3.35,1
10,12,36,12462408,2.17,negative,6.18,positive,4.26,3.01,1
10,13,2,13268300,3.55,negative,5.76,positive,6.64,5.12,1
10,14,26,14099355,4.95,negative,1.68,negative,5.1,5.96,1
10,15,39,14913572,2.17,negative,6.21,positive,6.21,3.87,1
10,16,35,15716297,1.38,negative,5.97,positive,5.97,4.1,1
10,17,18,16539183,7.31,positive,3.44,negative,5.18,8.12,5
10,18,9,17351572,7.56,positive,6.21,positive,7.59,7.27,5
10,19,28,18120204,4.31,negative,3.87,negative,4.5,6.29,4
10,20,33,18913206,4.94,negative,5.73,positive,5.03,4.88,1
10,21,23,21234913,2.87,negative,4.24,negative,3.21,5.44,1
10,22,31,22002151,4.15,negative,5.49,positive,3.6,5.53,1
10,23,27,22817206,4.94,negative,2.97,negative,5.05,5.1,4
10,24,25,23591275,1.92,negative,4.01,negative,3.17,7.18,4
10,25,15,24378839,5.31,positive,2.88,negative,3.85,5.04,1
10,26,20,25214881,5.58,positive,3.26,negative,3.76,5.77,3
10,27,4,25995454,7.01,positive,5.91,positive,6.01,6.86,4
10,28,10,26775021,5.94,positive,6,positive,6.14,6.23,3
10,29,16,27548757,3.85,negative,2.83,negative,2.99,4.09,1
10,30,3,28326658,5.86,positive,4.45,negative,5.82,6.01,4
10,31,17,29100061,4.95,negative,3.96,negative,4.22,6.17,3
10,32,29,29875962,3.94,negative,2.97,negative,5.04,5.47,4
10,33,34,30672191,3.91,negative,5.95,positive,5.04,4.1,2
10,34,6,31477420,7.1,positive,6,positive,6.82,6.85,1
10,35,1,32247320,7.91,positive,6.15,positive,6.67,7.63,4
10,36,5,33018889,7.24,positive,6.23,positive,8.13,7.9,5
10,37,40,33781962,5.78,positive,6.15,positive,7.04,6.44,1
10,38,21,34561696,2.97,negative,5.22,positive,2.85,6,2
10,39,30,35355092,2.64,negative,5.04,positive,3.18,4.99,2
10,40,38,36132826,1.91,negative,5.46,positive,2.97,3.23,1
11,1,39,2311873,1,negative,8.7,positive,1.14,1.01,1
11,2,27,3225728,2.28,negative,7.2,positive,1.36,2.9,3
11,3,3,4241881,7.41,positive,5.21,positive,7.45,6.27,5
11,4,30,5286861,4.58,negative,4.96,negative,3.83,1,1
11,5,16,6297679,4.35,negative,1.23,negative,4.41,1.79,1
11,6,29,7634557,2.32,negative,2.83,negative,2.4,1.55,2
11,7,37,8551910,1.47,negative,8.12,positive,2.09,1.24,1
11,8,38,9463432,1.35,negative,7.45,positive,1.19,1.22,1
11,9,6,10319474,5.32,positive,5.38,positive,5.27,2.78,5
11,10,19,11340125,5.54,positive,2.6,negative,6.4,5.06,5
11,11,7,12282970,6.37,positive,4.72,negative,5.13,6.22,5
11,12,1,13362435,6.27,positive,4.03,negative,7.41,6.5,3
11,13,12,14263961,5.04,positive,1.01,negative,7.46,1.37,1
11,14,24,15204807,2.88,negative,1.06,negative,6.44,1.33,2
11,15,10,16132324,6.53,positive,1.29,negative,8.41,2.36,1
11,16,33,17057341,5.64,positive,6.36,positive,5.86,1.24,1
11,17,8,17965698,6.26,positive,6.14,positive,7.54,6.1,1
11,18,36,18840900,3.62,negative,6.36,positive,5.97,1.42,1
11,19,4,19761252,7.65,positive,6.53,positive,8.27,7.06,1
11,20,13,20661445,8.42,positive,1.82,negative,6.01,7.69,2
11,21,22,23113275,6.15,positive,1.17,negative,6.01,6.4,1
11,22,32,23993301,5.01,positive,6.83,positive,6.1,7.1,4
11,23,35,25019125,1.23,negative,8.1,positive,4.94,1.05,1
11,24,2,26059603,5.67,positive,3.86,negative,6.03,5.63,5
11,25,20,26996450,6,positive,1.05,negative,5.12,1,1
11,26,18,28000774,7.95,positive,2.96,negative,8.33,7.08,5
11,27,17,28932956,8.32,positive,3.19,negative,6.19,6.19,5
11,28,31,29887797,1.83,negative,3.78,negative,2.33,5.01,1
11,29,25,30879958,5.01,positive,1.72,negative,6.14,2.53,1
11,30,23,31807475,3.72,negative,2.73,negative,6.35,6.95,2
11,31,28,32824295,4.26,negative,1.13,negative,4.94,6.78,2
11,32,26,33693165,5.49,positive,1.01,negative,5.81,6.18,1
11,33,14,34687659,7.96,positive,5.04,positive,7.32,6.03,2
11,34,34,35563860,4.88,negative,4.95,negative,4.94,1.24,1
11,35,40,36475716,4.95,negative,2.9,negative,3.69,4.96,1
11,36,9,37436552,7.04,positive,6.42,positive,8.31,8.32,5
11,37,21,38318254,3.27,negative,2.41,negative,1.58,6.31,2
11,38,5,39238606,7.41,positive,6.4,positive,7.55,6.68,5
11,39,15,40160125,6.92,positive,1.06,negative,5.95,3.04,1
11,40,11,41141457,7.32,positive,2.74,negative,6.86,5.19,1
12,1,5,2369853,4.01,negative,8.21,positive,2.97,2.82,1
12,2,12,3435655,6.86,positive,6.9,positive,4.88,6.04,4
12,3,25,4283033,2.78,negative,5.1,positive,2.68,3.04,2
12,4,40,5147404,6.81,positive,8.72,positive,6.94,7.08,3
12,5,35,5988450,1.22,negative,8.9,positive,2.88,1,2
12,6,11,6819002,7.78,positive,5.09,positive,7.13,7.27,2
12,7,22,7656710,3.33,negative,3.17,negative,3.33,5.19,4
12,8,34,8516087,4.87,negative,8.24,positive,1.97,1,1
12,9,30,9363291,3.36,negative,7.18,positive,7.27,6.22,5
12,10,10,10205848,4.06,negative,6.96,positive,3.91,2.76,1
12,11,3,11029395,7.33,positive,7.33,positive,7.12,7.92,4
12,12,20,11821625,7.35,positive,6.91,positive,7.94,9,5
12,13,4,12642178,6.86,positive,9,positive,6.15,6.22,2
12,14,37,13454734,1,negative,7.96,positive,1.85,1.18,1
12,15,17,14251628,4.86,negative,2.87,negative,5.05,2.94,1
12,16,24,15062851,2.79,negative,4.86,negative,3.05,6.01,3
12,17,18,15895567,7.35,positive,5.13,positive,7.95,7.82,5
12,18,36,16691457,2.82,negative,7.14,positive,3.88,2.94,2
12,19,32,17503518,1.86,negative,6.95,positive,2.01,1.03,2
12,20,23,18279253,1.74,negative,3.15,negative,2.01,2.09,2
12,21,13,19857714,7.99,positive,6.91,positive,8.01,7.95,3
12,22,15,20631284,7.08,positive,5.95,positive,6.19,6.29,1
12,23,2,21396527,6.09,positive,7.14,positive,5.24,6.15,1
12,24,26,22174757,6.08,positive,5.14,positive,5.24,6.36,1
12,25,27,23005806,5.05,positive,5.01,positive,6.22,6.23,3
12,26,28,23848852,5.04,positive,3.03,negative,2.91,5.99,3
12,27,1,24649579,7.09,positive,7.1,positive,7.24,6.82,3
12,28,8,25413651,5.1,positive,6.1,positive,3.28,3.81,1
12,29,6,26211212,6.65,positive,7.08,positive,6.09,6.03,1
12,30,19,26988947,7.03,positive,6.88,positive,6.21,6.94,3
12,31,7,27748188,6.77,positive,7.01,positive,6.64,6.97,3
12,32,39,28547741,3.18,negative,7.17,positive,2.88,3.17,2
12,33,31,29367294,3.18,negative,7.37,positive,3.03,3.18,4
12,34,14,30202017,8.15,positive,5.19,positive,8.27,7.85,2
12,35,29,30962923,1.67,negative,5.21,positive,1.92,6.21,3
12,36,9,31749988,7.95,positive,8.74,positive,8.03,7.79,4
12,37,21,32529222,2.13,negative,4.88,negative,1.96,3.88,4
12,38,16,33314787,5.04,positive,3.05,negative,3.79,5.96,1
12,39,38,34154003,2.85,negative,6.86,positive,3.1,2.23,1
12,40,33,34927404,1.9,negative,7.97,positive,1.9,2.04,1
13,1,39,3132593,1.97,negative,9,positive,1.99,2.01,1
13,2,19,3999131,8.51,positive,5.97,positive,6.01,8.51,5
13,3,12,4864169,5.08,positive,3.08,negative,6.08,6.01,1
13,4,11,5766694,7.04,positive,6.06,positive,4.04,7.05,3
13,5,29,6627567,4.04,negative,7.04,positive,1.99,7.59,5
13,6,15,7505600,4.94,negative,1.55,negative,7.03,1.97,1
13,7,20,8357976,7.6,positive,6.06,positive,4.99,7.03,3
13,8,2,9219015,4.03,negative,7.51,positive,8.09,3.58,4
13,9,27,10068059,5.47,positive,6.08,positive,2,8.53,2
13,10,7,10911105,2.99,negative,8.03,positive,8.08,1,4
13,11,36,11735157,2.54,negative,8.01,positive,9,4.08,1
13,12,6,12555377,4.46,negative,6.97,positive,7.1,5,3
13,13,37,13411578,1,negative,8.97,positive,1,2.08,1
13,14,35,14226806,1,negative,9,positive,1,3.03,1
13,15,22,15023368,4.01,negative,4.96,negative,2.99,6.05,1
13,16,1,15852420,6.15,positive,8.09,positive,5.01,6.08,4
13,17,33,16666807,4.55,negative,7.01,positive,8.04,4.42,1
13,18,17,17494858,5.99,positive,5.03,positive,3.04,6.01,4
13,19,30,18316244,3.05,negative,7.06,positive,1.99,2.92,4
13,20,10,19126634,4.01,negative,9,positive,7.05,6.04,2
13,21,16,23612604,5,negative,1,negative,1,4.1,1
13,22,24,24430824,2.97,negative,4.04,negative,1.91,7.09,5
13,23,26,25244380,5.04,positive,4,negative,7.01,5.99,1
13,24,32,26068932,4.05,negative,9,positive,6.01,5.99,2
13,25,28,26908312,7.08,positive,8.01,positive,4.03,7.1,3
13,26,38,27756190,1,negative,9,positive,1,1,1
13,27,3,28534591,9,positive,7.06,positive,5.09,6.96,5
13,28,34,29331319,2.92,negative,8.99,positive,9,3.04,2
13,29,13,30139210,9,positive,7.06,positive,4.06,9,2
13,30,5,30961929,5.01,positive,7.97,positive,8.01,6.03,5
13,31,9,31747661,7.06,positive,6.99,positive,6.04,7.08,4
13,32,25,32538224,3.97,negative,6.04,positive,5.09,8.01,5
13,33,21,33359944,2,negative,6,positive,1.95,4.04,1
13,34,8,34170334,7.99,positive,7.03,positive,7.03,8.12,5
13,35,14,34963897,7.97,positive,5.04,positive,6.1,7.99,5
13,36,18,35767951,7.94,positive,5.99,positive,3.03,7.06,5
13,37,4,36577679,7.08,positive,7.01,positive,6.05,7.01,4
13,38,23,37367576,1,negative,5.99,positive,1,6.95,2
13,39,31,38193628,1.97,negative,9,positive,1,7.06,1
13,40,40,38973195,4.08,negative,9,positive,7.03,7.08,2
14,1,5,2410839,3.99,negative,7.06,positive,7.99,8.03,4
14,2,10,3308700,1.88,negative,8.03,positive,7.09,4.05,1
14,3,28,4208059,2.53,negative,2.96,negative,2.1,6,1
14,4,30,5174396,1.1,negative,5.94,positive,3.14,7.04,5
14,5,2,6089917,6.05,positive,7.9,positive,5.06,5.01,2
14,6,13,6979613,6.79,positive,3.19,negative,3.88,6.85,1
14,7,14,7865311,8.03,positive,4.36,negative,7.99,7.99,4
14,8,8,8735847,7,positive,6.21,positive,7.18,7.96,4
14,9,15,9699519,7.08,positive,3.37,negative,5.14,7.17,1
14,10,22,10578052,4.1,negative,3.14,negative,3.01,5.01,1
14,11,1,11497572,8.22,positive,7.78,positive,4,7.42,4
14,12,20,12373273,7.33,positive,6.63,positive,3.27,4.65,1
14,13,36,13274135,2.01,negative,6.21,positive,6.13,2.01,2
14,14,9,14240969,7.69,positive,7.44,positive,8.42,8.92,5
14,15,4,15107007,7.38,positive,6.72,positive,6.18,6.94,4
14,16,39,15980042,6.65,positive,7.06,positive,7.78,2.78,1
14,17,32,16930718,1.99,negative,6.95,positive,7.01,3.4,3
14,18,40,17790758,6.68,positive,6.86,positive,6,5.23,1
14,19,24,18646461,2.36,negative,6.19,positive,2.45,5.71,5
14,20,34,19500508,2.5,negative,6.08,positive,2.73,1.09,2
14,21,29,21912351,2.92,negative,5.96,positive,3.24,6.53,1
14,22,3,22799545,7.5,positive,6.68,positive,7.14,7.58,5
14,23,6,23678915,7.19,positive,6.83,positive,6.55,7.67,3
14,24,19,24603267,7.55,positive,5.92,positive,6.06,5.23,4
14,25,38,25463140,2.26,negative,5.77,positive,3.23,3.13,1
14,26,21,26357168,1.03,negative,6.09,positive,1.94,3.78,1
14,27,11,27237368,8.03,positive,4.26,negative,5.73,7.85,1
14,28,12,28097081,7.63,positive,2.6,negative,5.08,7.01,1
14,29,26,28973442,3.28,negative,2.32,negative,4,6.77,1
14,30,33,29867138,3.18,negative,5.83,positive,3.81,2.9,1
14,31,31,30836474,3.26,negative,6.49,positive,6.27,5.82,1
14,32,18,31722338,8.09,positive,3.15,negative,5.08,7.53,5
14,33,17,32626865,6.06,positive,3.32,negative,6.28,6.04,5
14,34,16,33511228,3.96,negative,2.35,negative,3.65,4.51,1
14,35,35,34484729,2.68,negative,6.17,positive,3.68,3.49,1
14,36,37,35312446,3.47,negative,5.96,positive,4.04,2.4,1
14,37,25,36282116,3.87,negative,3.09,negative,3.06,6.36,1
14,38,23,37158483,2.41,negative,5.95,positive,2.69,6.96,2
14,39,27,38082668,5.81,positive,3.09,negative,3.97,6.74,2
14,40,7,38964534,6.85,positive,5.53,positive,6.18,7.62,4
15,1,29,2205410,4.05,negative,6.08,positive,4.01,8,
15,2,28,3158917,4.01,negative,4.97,negative,4.04,7.04,
15,3,1,4028287,8.9,positive,5.86,positive,7.26,8.04,
15,4,40,4909153,4.01,negative,7.12,positive,1.04,2.12,
15,5,38,5842463,2.08,negative,7.03,positive,1.03,1,
15,6,11,6662721,8.99,positive,5.01,positive,7.26,9,
15,7,36,7467280,3.96,negative,5,negative,4.08,2.03,
15,8,7,8347480,5.04,positive,3.06,negative,5.95,5.01,
15,9,30,9183861,2.04,negative,6.99,positive,4.03,6.95,
15,10,26,10048399,4.96,negative,3.04,negative,2.95,6,
15,11,22,10898276,4.12,negative,2.04,negative,4.06,3.96,
15,12,19,11747486,7.04,positive,3.01,negative,6.08,7,
15,13,15,12600528,8.12,positive,4.03,negative,9,7.05,
15,14,4,13412921,8.04,positive,3.96,negative,6.04,8.04,
15,15,17,14208646,8.1,positive,2.96,negative,7.04,8.12,
15,16,16,14998710,4.17,negative,2.95,negative,4.03,6.06,
15,17,6,15827260,9,positive,5.13,positive,8.01,8.95,
15,18,23,16631819,3.05,negative,4.12,negative,2.88,4.03,
15,19,10,17435873,4.99,negative,5.04,positive,7.06,5.95,
15,20,2,18249600,5.04,positive,4.06,negative,5.03,6.09,
15,21,33,20651447,3.01,negative,4.01,negative,4.13,1,
15,22,20,21513486,7.97,positive,5.06,positive,7.06,9,
15,23,37,22313546,3.04,negative,5.04,positive,1.9,1,
15,24,39,23170920,4,negative,5.03,positive,2.01,1,
15,25,35,23998971,5.05,positive,6.91,positive,5.03,2.1,
15,26,24,24808028,1.92,negative,6.05,positive,2.92,8.01,
15,27,9,25614420,9,positive,5.06,positive,6.99,8.03,
15,28,13,26388994,7.06,positive,4.04,negative,6,8.05,
15,29,31,27184717,2.99,negative,4.01,negative,3.03,2.95,
15,30,12,27989276,7.08,positive,2.99,negative,6.06,6.13,
15,31,18,28798500,7.04,positive,4.05,negative,6.96,7.05,
15,32,25,29579067,2.96,negative,5.04,positive,2.95,8,
15,33,21,30385458,3.09,negative,3.14,negative,3.13,4.1,
15,34,3,31173854,8.04,positive,5,negative,7.06,9,
15,35,5,31972250,9,positive,7.15,positive,9,9,
15,36,14,32774477,8.15,positive,3.95,negative,7.03,9,
15,37,8,33574870,9,positive,5.04,positive,9,7.05,
15,38,27,34355104,6,positive,4.14,negative,5.17,8.06,
15,39,34,35179322,3.01,negative,7.13,positive,2.97,1,
15,40,32,36012705,3.97,negative,6.05,positive,3.1,1,
16,1,14,2151428,3.64,negative,6.28,positive,2.83,6.96,2
16,2,32,3062284,5.01,positive,8.12,positive,4.96,2.86,5
16,3,5,3903655,5.51,positive,7.9,positive,9,8.14,5
16,4,6,4764870,4.99,negative,3.63,negative,5.05,2.78,1
16,5,37,5606583,6.09,positive,5.5,positive,6.44,5.83,1
16,6,9,6514440,4.18,negative,4.24,negative,4.55,2.96,4
16,7,21,7334660,4.42,negative,2,negative,6.22,2.62,1
16,8,23,8285836,3.9,negative,3.83,negative,2.77,3.54,1
16,9,20,9116719,3.82,negative,5.87,positive,7.63,1.87,1
16,10,4,9948935,7.09,positive,5.67,positive,2.53,5.65,4
16,11,39,10910441,6.13,positive,5.97,positive,8.49,6,1
16,12,10,11769481,5.14,positive,7.5,positive,9,7.01,3
16,13,15,12604863,2.67,negative,5.53,positive,1,6.05,1
16,14,40,13492560,3.74,negative,3.77,negative,4.05,6.19,1
16,15,35,14317445,1,negative,3.71,negative,4.22,1.82,1
16,16,22,15167489,6.79,positive,1,negative,5.03,4.36,1
16,17,3,16018532,6.74,positive,5.83,positive,6.37,6.83,5
16,18,31,16836919,3.88,negative,5.79,positive,5.04,6.19,1
16,19,17,17747442,1.21,negative,8.47,positive,1.19,9,5
16,20,27,18559998,2.59,negative,5.49,positive,2.88,1.83,1
16,21,25,20677443,2.47,negative,3.45,negative,2.4,2.13,1
16,22,24,21475171,2.51,negative,5.38,positive,1.53,5.99,3
16,23,36,22326880,5.05,positive,3.83,negative,6.17,5.88,1
16,24,8,23118444,3.51,negative,2.88,negative,7.14,1.5,3
16,25,29,23956491,3.23,negative,2.79,negative,3.09,2.62,1
16,26,18,24736392,6.56,positive,5.72,positive,5.22,7.37,3
16,27,2,25545116,6.45,positive,5.03,positive,5.04,5.54,3
16,28,26,26367836,1.82,negative,6.21,positive,3.36,7.56,1
16,29,16,27452632,4.97,negative,1,negative,5.05,2.76,1
16,30,34,28240530,1,negative,7.53,positive,1,1,1
16,31,11,29064749,7.27,positive,4.27,negative,5.04,3.15,1
16,32,30,29879805,6.1,positive,3.68,negative,3.88,6.05,2
16,33,33,30765599,1,negative,3.92,negative,4.96,1,1
16,34,7,31563564,6.83,positive,2.87,negative,6.17,7.14,2
16,35,13,32396780,3.88,negative,2.14,negative,1.42,2.54,2
16,36,28,33217634,2.85,negative,3.38,negative,3.44,6.69,1
16,37,12,33988737,5.97,positive,3.9,negative,4.1,6.01,1
16,38,19,34826115,2.86,negative,2.94,negative,3.9,2.4,3
16,39,38,35653336,4.27,negative,6.26,positive,7.94,6.53,1
16,40,1,36590013,2.51,negative,5.65,positive,2.9,1.97,1
17,1,8,2255559,6.05,positive,4.99,negative,5,6.03,5
17,2,10,3147425,6.09,positive,7.05,positive,5.54,6.06,3
17,3,39,4004463,7.1,positive,7.03,positive,5.95,4.01,1
17,4,1,4807022,4.05,negative,5.96,positive,5.01,5.04,2
17,5,25,5628408,6.18,positive,4,negative,5.04,6.47,1
17,6,17,6433300,4.12,negative,2.5,negative,5.04,3.83,4
17,7,34,7192708,4.99,negative,6.38,positive,4.82,2.88,2
17,8,2,7997765,7.26,positive,7.03,positive,5.28,7.31,4
17,9,40,8798160,5.04,positive,6.03,positive,5.05,5.72,1
17,10,6,9579394,6.9,positive,5.95,positive,5.37,7.14,2
17,11,23,10353296,3.62,negative,2.95,negative,5.04,2.92,1
17,12,9,11108372,6.04,positive,6.13,positive,5.1,6.24,5
17,13,15,11897429,5.96,positive,4.06,negative,5.04,5.99,1
17,14,26,12700662,3.73,negative,2.77,negative,5.81,3.73,1
17,15,19,13490559,7.27,positive,6.03,positive,5.04,6.1,4
17,16,29,14265295,5.54,positive,5,negative,5.47,5.9,4
17,17,31,15059521,4.54,negative,5.69,positive,4.23,5.63,1
17,18,16,15896405,5.92,positive,3.62,negative,5.6,6.28,1
17,19,27,16692466,3.96,negative,3.29,negative,5.04,2.62,2
17,20,24,17529014,4.53,negative,4.27,negative,4.5,6.06,3
17,21,33,19411872,3.83,negative,5.74,positive,5.55,2.86,1
17,22,28,20175778,5.64,positive,3.78,negative,5.77,6.04,2
17,23,32,21007328,4.04,negative,5.86,positive,5.08,3.94,2
17,24,13,21787728,4.54,negative,5.51,positive,5.08,6.47,2
17,25,7,22588788,7.08,positive,6.6,positive,5.87,8.13,5
17,26,30,23381684,3.04,negative,5.81,positive,4.59,6.08,5
17,27,4,24276712,6.35,positive,5.56,positive,5.74,4.04,2
17,28,36,25049282,3.37,negative,6.12,positive,5.31,2.15,1
17,29,18,25824351,6.22,positive,3.83,negative,5.49,7.69,4
17,30,35,26593422,4.17,negative,5.74,positive,5.46,2.35,1
17,31,20,27359161,7.03,positive,3.88,negative,5.87,6.27,2
17,32,3,28187215,6.46,positive,5.78,positive,5.04,6.04,3
17,33,12,28978775,5.96,positive,3.68,negative,5.59,4.96,1
17,34,21,29759175,4,negative,4.09,negative,5.24,4.21,1
17,35,14,30518585,6.58,positive,5.85,positive,5.59,7.32,3
17,36,5,31310813,7.05,positive,8.15,positive,6.12,7.35,3
17,37,11,32108041,6.03,positive,5.67,positive,5.86,6.1,1
17,38,37,32864616,3.46,negative,7.03,positive,5.86,1,1
17,39,22,33636353,3.19,negative,3.82,negative,5.72,5.69,2
17,40,38,34406590,3.6,negative,6.23,positive,5.81,2.4,1
18,1,25,2035968,4.23,negative,5.6,positive,5.73,3.69,1
18,2,10,2999639,6.09,positive,7.29,positive,7.31,7.73,5
18,3,16,3916659,4.38,negative,4.03,negative,5.73,3.67,1
18,4,3,4824849,6.36,positive,6.72,positive,6.08,6.32,5
18,5,14,5709214,6.62,positive,3.94,negative,6.14,6.09,1
18,6,9,6572253,6.55,positive,6.03,positive,5.94,6.56,5
18,7,11,7410800,6.24,positive,6.6,positive,6.03,5.47,1
18,8,39,8221524,4.06,negative,4.58,negative,5.64,3.99,1
18,9,13,9083396,7.33,positive,4.09,negative,4.86,6.15,1
18,10,37,9948268,4,negative,6.24,positive,6.37,4.05,1
18,11,5,10787815,6.13,positive,7.72,positive,7.54,7.59,5
18,12,33,11622696,4.56,negative,4.15,negative,6.21,3.13,1
18,13,12,12473739,5.55,positive,4.63,negative,5.04,4.13,1
18,14,7,13259638,7.33,positive,6.94,positive,6.88,6.28,4
18,15,26,14117012,5.44,positive,3.08,negative,5.58,4.05,1
18,16,15,14941897,6.04,positive,5.35,positive,5.5,4.77,1
18,17,4,15795273,6.65,positive,7.97,positive,6.73,6.78,4
18,18,19,16669474,7.04,positive,6.83,positive,6.05,7.29,4
18,19,27,17508188,5.94,positive,5.24,positive,5.9,5.36,3
18,20,31,18325076,4.44,negative,6.05,positive,6.97,6.4,1
18,21,2,20133292,6.87,positive,6.09,positive,6.36,5.67,3
18,22,1,20922186,6.33,positive,6.74,positive,5.74,6.26,4
18,23,17,21747575,7.74,positive,5.77,positive,7.03,8.51,5
18,24,36,22652766,5.24,positive,6.99,positive,7.08,6.05,1
18,25,6,23510473,6.51,positive,6.04,positive,5.33,6.05,4
18,26,24,24318531,3.22,negative,6.21,positive,2.81,6.35,2
18,27,18,25189234,7.05,positive,3.08,negative,5.97,6.64,4
18,28,22,26060937,5.69,positive,3.97,negative,5.03,4.12,1
18,29,29,26849834,4.9,negative,4.22,negative,4.29,3.92,2
18,30,21,27718871,3.92,negative,4.33,negative,4.4,4.29,1
18,31,8,28572913,5,negative,5.49,positive,5.97,4.59,3
18,32,32,29428419,4.62,negative,6.73,positive,6.32,5.91,2
18,33,35,30259504,5.12,positive,7.06,positive,6.81,6.03,1
18,34,28,31079391,5.95,positive,4.38,negative,5.41,5.94,1
18,35,40,31911607,5,negative,6.06,positive,6.09,4.99,1
18,36,34,32728664,4.15,negative,3.26,negative,6.28,3.22,2
18,37,30,33524224,2.96,negative,5.51,positive,3.78,4.46,2
18,38,38,34356607,4.51,negative,4.04,negative,5.01,3.01,1
18,39,20,35169829,6.24,positive,5.71,positive,5.77,5.99,2
18,40,23,35989383,3.71,negative,4.31,negative,4.99,4.31,1
19,1,38,4674068,1.62,negative,7.58,positive,5.81,1,1
19,2,20,5593087,6.13,positive,6.01,positive,4.95,3.29,2
19,3,16,6427136,3.24,negative,1.95,negative,2.6,5.5,1
19,4,17,7319498,7.38,positive,3.54,negative,3.29,8.77,5
19,5,22,8288668,5.04,positive,4.87,negative,5.04,5.26,1
19,6,3,9168034,6.82,positive,7.04,positive,6.03,7.31,5
19,7,37,9962430,3.15,negative,5.53,positive,5.92,1,1
19,8,11,10790481,5.83,positive,5.63,positive,5.91,6.19,1
19,9,10,11589875,5.01,positive,7.67,positive,6.78,8.01,5
19,10,14,12534886,6.76,positive,3.01,negative,2.05,6.13,3
19,11,36,13371933,3.71,negative,5.95,positive,5.54,2.96,1
19,12,6,14234972,7.73,positive,6.9,positive,5.97,7.71,5
19,13,23,15039531,3.77,negative,3.74,negative,2.12,4.51,2
19,14,21,15913066,2.19,negative,3.28,negative,3.08,6.13,1
19,15,32,16794766,4.96,negative,7.71,positive,6.99,6.74,5
19,16,28,17657471,6.21,positive,2.08,negative,2.88,6.96,4
19,17,29,18478191,2.82,negative,5.44,positive,4.09,3.74,2
19,18,5,19335898,7.79,positive,8.62,positive,7.96,9,5
19,19,4,20123792,5.77,positive,5.53,positive,4.05,5.74,5
19,20,34,20977172,4.17,negative,6.53,positive,5.82,4.88,1
19,21,30,23432834,2.85,negative,2.26,negative,3.76,6.58,4
19,22,39,24293373,5.04,positive,5.05,positive,5.04,1,1
19,23,26,25169574,4.95,negative,3.53,negative,2.41,5.41,1
19,24,9,26048275,7.09,positive,5.67,positive,5.03,6.87,5
19,25,35,26897818,3.21,negative,6.03,positive,6.4,1,1
19,26,31,27753859,5.03,positive,5.88,positive,4.58,2.74,1
19,27,1,28639224,7.44,positive,6.45,positive,5.91,6.95,5
19,28,40,29449781,4.24,negative,6.33,positive,6.06,1.83,1
19,29,24,30237512,3.23,negative,4.01,negative,5.83,5.41,4
19,30,25,31101717,2.19,negative,3.81,negative,3.29,7.54,5
19,31,18,32012906,7.77,positive,6.35,positive,5.03,7.53,4
19,32,13,32849287,7.53,positive,6.49,positive,5.05,7.56,4
19,33,15,33650347,5.68,positive,2.73,negative,2.56,6.42,1
19,34,2,34536212,6.46,positive,6.81,positive,5.83,6.29,3
19,35,12,35343270,6.26,positive,5.67,positive,3.53,6.21,1
19,36,27,36200477,4.97,negative,2.97,negative,5.04,3.51,1
19,37,19,37044689,7.65,positive,7.05,positive,6.19,7.96,5
19,38,7,37843749,6.64,positive,6.59,positive,5,6.83,5
19,39,33,38673966,3.4,negative,7.13,positive,6.24,1.44,1
19,40,8,39463863,7.44,positive,6.67,positive,6.53,6.94,5
20,1,15,3683405,6.35,positive,5.26,positive,4.68,6.29,1
20,2,18,4530450,7.35,positive,6.36,positive,3.69,7.22,5
20,3,9,5340507,8.22,positive,7.31,positive,5.04,8.1,5
20,4,1,6147231,5.76,positive,4.78,negative,3.78,5.31,4
20,5,10,6971117,5.13,positive,6.81,positive,4.08,8.06,5
20,6,26,7862979,4.31,negative,3.24,negative,2.26,5.04,1
20,7,16,8655375,5.03,positive,3,negative,2.63,3.71,1
20,8,25,9495755,2.99,negative,5.04,positive,5.04,5.04,1
20,9,36,10347631,4.29,negative,7.49,positive,3.35,5.44,1
20,10,21,11135034,4.97,negative,4.92,negative,5.04,3.03,1
20,11,39,12025057,4.67,negative,6.13,positive,3.71,3.47,1
20,12,17,12852448,5.04,positive,4.99,negative,5.04,6.68,4
20,13,4,13628845,7.05,positive,5.92,positive,5.46,6.91,5
20,14,31,14433570,4.46,negative,6.28,positive,2.73,4.46,1
20,15,20,15304107,6.65,positive,5.31,positive,5.32,5.96,4
20,16,5,16164146,8.82,positive,8.06,positive,7.86,8.32,5
20,17,28,16959542,5.01,positive,3.26,negative,5.04,5.88,1
20,18,40,17755936,4.94,negative,2.83,negative,4.51,2.28,1
20,19,37,18553664,3.01,negative,5.28,positive,3.99,2.47,1
20,20,33,19496009,4.64,negative,6.01,positive,5.04,4.08,1
20,21,2,20668443,6.77,positive,5.04,positive,3.1,6.81,2
20,22,29,21458007,2.44,negative,5.47,positive,2.17,7.19,4
20,23,19,22268397,7.59,positive,5.62,positive,6.06,7.63,5
20,24,24,23061126,3,negative,5.01,positive,2.94,5.54,5
20,25,32,23934328,6.28,positive,5.71,positive,4.23,5.55,2
20,26,23,24793868,2.82,negative,6.31,positive,2.38,7.81,2
20,27,13,25629297,7.91,positive,5.04,positive,7.37,7.72,3
20,28,22,26400986,4.06,negative,5.36,positive,3.78,5.95,3
20,29,35,27247191,4.35,negative,7.45,positive,5.04,3.18,1
20,30,30,28030264,3.49,negative,6.54,positive,2.04,6.29,3
20,31,7,28826650,5.27,positive,7.01,positive,5.04,6.24,4
20,32,38,29648045,3.38,negative,5.94,positive,4.49,2.97,1
20,33,3,30441941,7.18,positive,4.23,negative,5.69,7.37,5
20,34,34,31263327,4.74,negative,7.08,positive,4.59,2.62,1
20,35,6,32072884,7.62,positive,5.74,positive,3.18,7.79,3
20,36,12,32879442,7.64,positive,5.46,positive,6.44,6.36,1
20,37,8,33753810,7.63,positive,5.92,positive,7.85,7.68,5
20,38,14,34562534,6.4,positive,5.6,positive,4.67,5.81,4
20,39,11,35356596,8.18,positive,6.41,positive,7.1,7.37,1
20,40,27,36158823,5.03,positive,3.91,negative,4.95,3.96,2
21,1,3,6016775,4.83,negative,3.35,negative,4.96,2.73,4
21,2,19,6837995,7.26,positive,6.29,positive,7.72,6.78,5
21,3,1,7622394,6.42,positive,4.21,negative,6.13,3.55,3
21,4,36,8406460,6.88,positive,7.21,positive,8.26,6.49,2
21,5,13,9208853,4.27,negative,6.17,positive,4.83,4.71,4
21,6,32,10009579,6.27,positive,7.01,positive,8.79,6.99,5
21,7,39,10791813,6.09,positive,6.77,positive,7.29,3.18,1
21,8,29,11589707,3.01,negative,6.41,positive,6.06,5.88,2
21,9,12,12388266,4.63,negative,4.06,negative,3.08,6.13,1
21,10,17,13173000,5.53,positive,4.01,negative,5.03,2.91,2
21,11,22,13979724,2.09,negative,6.03,positive,4.03,2.58,4
21,12,35,14767785,4.92,negative,2.91,negative,5.94,1,2
21,13,33,15582677,7.03,positive,7.04,positive,9,6.56,2
21,14,2,16375907,7.05,positive,6.04,positive,4.06,6.03,3
21,15,15,17156140,6.92,positive,5.99,positive,6,6.1,3
21,16,21,17942872,4.08,negative,2.91,negative,2.95,2.24,1
21,17,14,18728604,8.1,positive,7.1,positive,6.87,6.94,5
21,18,23,19515502,4.69,negative,6.04,positive,4.01,5.99,4
21,19,38,20304732,3.03,negative,6,positive,7.03,1.15,1
21,20,7,21115456,7.05,positive,6.58,positive,7.17,6.54,5
21,21,16,24086608,5.99,positive,7.1,positive,7.09,7.01,2
21,22,8,24873506,8.81,positive,7.1,positive,7.13,7.94,2
21,23,6,25695059,7.92,positive,7.05,positive,6.14,6.86,5
21,24,34,26485959,4.06,negative,2.91,negative,2.92,2.04,1
21,25,10,27292514,7.05,positive,6.88,positive,8.09,6.49,4
21,26,40,28090742,3.99,negative,5.77,positive,6.96,1.94,1
21,27,4,28906630,5.05,positive,6.01,positive,5,3.03,3
21,28,30,29695361,3.45,negative,6.56,positive,3.95,5.63,5
21,29,27,30508417,4.01,negative,6.08,positive,3.09,5.99,4
21,30,24,31292483,2.99,negative,6.01,positive,2.97,5.55,3
21,31,5,32084546,8.09,positive,7.15,positive,8.55,7.01,5
21,32,37,32874609,3.04,negative,6.08,positive,1.97,1.94,2
21,33,9,33683666,8.56,positive,7,positive,8.6,8.03,5
21,34,18,34466233,7.99,positive,8.23,positive,8.05,7.51,5
21,35,31,35263466,5.04,positive,5.01,positive,7.49,6.01,2
21,36,28,36058189,3.04,negative,5.96,positive,4.06,6.03,4
21,37,26,36845087,4.06,negative,3.99,negative,1.99,4.04,3
21,38,20,37637317,2.33,negative,6.05,positive,2.83,4.06,2
21,39,11,38416878,7.05,positive,6.56,positive,9,5.97,4
21,40,25,39215949,3.97,negative,7.03,positive,3.69,6,3
22,1,7,2385684,6.03,positive,4.99,negative,5.04,5.04,5
22,2,21,3328525,2.97,negative,4.95,negative,6.04,4.04,1
22,3,11,4333849,8.05,positive,6.06,positive,6.08,7.05,1
22,4,6,5226378,4.97,negative,3,negative,5,2.97,1
22,5,32,6080925,1.99,negative,7.01,positive,4.05,1,3
22,6,16,7025763,6.06,positive,4.05,negative,6.05,6.04,1
22,7,31,7967775,2.01,negative,1.96,negative,2.97,2.92,1
22,8,30,8947774,1,negative,7.03,positive,3.04,6.99,3
22,9,12,9933604,4.99,negative,1,negative,4.97,2.97,1
22,10,15,10772152,5,negative,1,negative,5.04,1.94,1
22,11,28,11575601,4.03,negative,2.01,negative,5.04,7.01,2
22,12,38,12438749,1,negative,7.05,positive,1.97,1,1
22,13,22,13272465,4.05,negative,4.06,negative,5.04,5.01,1
22,14,37,14093185,1,negative,6.05,positive,2.05,1,1
22,15,13,14938896,7.01,positive,4.97,negative,6.05,8.03,1
22,16,1,15759616,5.05,positive,1.99,negative,5.04,2.99,1
22,17,14,16564842,8.05,positive,6.01,positive,6.04,8,5
22,18,34,17407554,5.04,positive,7.05,positive,7.05,2.01,1
22,19,4,18233106,7.06,positive,5.96,positive,6.13,5.95,1
22,20,8,19065821,7.09,positive,5,negative,6.03,6.94,5
22,21,36,21664768,1.96,negative,7.06,positive,7.05,7.04,1
22,22,39,22473325,1,negative,7.01,positive,4.03,1,1
22,23,19,23277718,9,positive,6.14,positive,6.04,7.99,5
22,24,27,24088274,7.06,positive,5.99,positive,6.04,7.05,5
22,25,26,24903829,5,negative,3,negative,5.04,6.03,1
22,26,24,25719385,1.96,negative,7.05,positive,4.01,8.04,5
22,27,3,26535773,7.05,positive,6.03,positive,4.99,6,3
22,28,9,27340498,9,positive,8.05,positive,9,9,5
22,29,17,28145025,5.04,positive,4.04,negative,5.04,5,2
22,30,20,28937791,7.08,positive,5.03,positive,4.99,6.04,4
22,31,5,29767151,7.1,positive,7.08,positive,7.04,7.04,2
22,32,18,30573395,8.08,positive,6.08,positive,7.05,8.06,3
22,33,40,31396614,2.97,negative,1.96,negative,5.04,1.03,1
22,34,23,32192343,2.99,negative,5.03,positive,3.97,6.04,3
22,35,29,32996402,2,negative,6.05,positive,4.04,7.06,5
22,36,10,33792963,4,negative,6.06,positive,6.03,5,1
22,37,33,34618848,1.96,negative,7.06,positive,2.94,1,1
22,38,2,35421074,7.08,positive,7.05,positive,6.06,7.12,2
22,39,25,36205478,2.95,negative,4.9,negative,2.96,7.05,1
22,40,35,37007533,1.99,negative,7.08,positive,4.08,1,1
23,1,6,2552742,5.09,positive,4.97,negative,4.97,5.97,
23,2,22,3649524,2.97,negative,1,negative,5.06,2.03,
23,3,9,4542201,7.03,positive,5,negative,7.01,6.04,
23,4,5,5368925,6.94,positive,7.01,positive,7.05,6.01,
23,5,18,6227631,7.12,positive,4.95,negative,8.03,7.05,
23,6,35,7041688,5.18,positive,1,negative,5,1.95,
23,7,25,7850919,4.97,negative,1,negative,3.96,2.1,
23,8,20,8647375,3.96,negative,1,negative,4.94,1.91,
23,9,10,9425714,5.01,positive,2.99,negative,5.06,4.03,
23,10,31,10240332,4.86,negative,1,negative,4.99,1.87,
23,11,33,11045890,5.04,positive,1,negative,4.94,1.85,
23,12,14,11816727,8.01,positive,7.01,positive,7.85,8.01,
23,13,28,12650124,5.04,positive,1,negative,5.04,2.03,
23,14,40,13441073,4.88,negative,1,negative,3.05,2.04,
23,15,39,14245632,5,negative,1,negative,7.06,2.01,
23,16,38,15044193,4.97,negative,1,negative,6.05,1.77,
23,17,21,15851584,1.91,negative,1,negative,7.38,1,
23,18,29,16690886,3.72,negative,1.06,negative,7.15,2.96,
23,19,17,17460807,2.86,negative,1,negative,3.51,1.06,
23,20,3,18230606,7.09,positive,4.14,negative,7,6.79,
23,21,27,20183707,5.06,positive,1.05,negative,5.04,2.88,
23,22,36,21017588,4.92,negative,1,negative,5.28,1.86,
23,23,23,21783665,4.17,negative,1.97,negative,5.82,4.05,
23,24,13,22603552,8.01,positive,5.06,positive,7.47,8.01,
23,25,26,23393954,8.27,positive,5,negative,8.32,8.12,
23,26,12,24164523,7,positive,1.91,negative,7.04,7,
23,27,30,24931595,3.88,negative,1.19,negative,4.13,7.42,
23,28,15,25719386,7,positive,1.96,negative,7.5,7.37,
23,29,32,26502735,7.97,positive,7.04,positive,8.28,8.06,
23,30,4,27287456,8.21,positive,6.97,positive,8.27,8.42,
23,31,19,28063699,8.15,positive,5.01,positive,7.82,8.09,
23,32,11,28819936,7,positive,5,negative,7.46,8.1,
23,33,1,29597988,7.71,positive,6.56,positive,7.71,7.74,
23,34,7,30372573,8.94,positive,7.81,positive,7.99,8.99,
23,35,2,31155532,9,positive,9,positive,9,9,
23,36,37,31921707,4.31,negative,1,negative,4.85,2.03,
23,37,24,32681006,6.53,positive,2.03,negative,6.51,7.94,
23,38,8,33450677,7.23,positive,4.95,negative,7.37,7.83,
23,39,16,34202659,5.15,positive,1.91,negative,5.04,3.77,
23,40,34,34953569,6.72,positive,6.35,positive,6.79,7.91,
24,1,19,2942276,7.03,positive,5.05,positive,7.08,5,5
24,2,17,3843296,4.08,negative,5.99,positive,4.97,4.03,2
24,3,23,4888772,1,negative,8.06,positive,1.97,4.14,3
24,4,20,5893417,4.03,negative,6.08,positive,7.08,3,1
24,5,22,6840282,3.03,negative,6.06,positive,4.03,6.91,1
24,6,27,7788618,6.08,positive,5.03,positive,7.1,6.14,3
24,7,18,9172970,8.96,positive,7,positive,7.09,8,5
24,8,30,10188472,1,negative,8.03,positive,3.06,7.99,5
24,9,6,11243454,5.96,positive,5.99,positive,5.01,4.04,2
24,10,26,12168300,4.05,negative,6.99,positive,4.06,7.08,3
24,11,21,13218999,1.96,negative,8.05,positive,8,5.94,2
24,12,2,14268406,6.04,positive,6.09,positive,6.97,6.01,1
24,13,31,15252308,2.94,negative,7.97,positive,2.99,7.03,1
24,14,16,16176827,4,negative,4.06,negative,5.03,6.01,2
24,15,5,17303872,7.06,positive,5.96,positive,7.03,7.03,4
24,16,3,18343590,8.96,positive,7.12,positive,8.96,6.05,5
24,17,9,19294934,7.08,positive,5.01,positive,8.04,8.05,5
24,18,28,20267217,4.03,negative,6.05,positive,4.03,6,2
24,19,7,21287864,3.04,negative,5.94,positive,5.96,2,1
24,20,29,22360058,3.97,negative,6.04,positive,4.97,4.05,3
24,21,10,25721353,5.01,positive,5.04,positive,6.03,3.97,3
24,22,4,26790656,6.05,positive,7.05,positive,6.05,6.97,3
24,23,32,27776999,3,negative,8.01,positive,4.03,6.03,2
24,24,1,28818363,7.06,positive,6.09,positive,8.03,7.04,3
24,25,33,29787367,5.01,positive,3.03,negative,5.06,1.97,1
24,26,36,30721983,4,negative,4.96,negative,2.97,4.01,4
24,27,37,31820445,4,negative,6,positive,4.05,3.08,1
24,28,24,33060421,2.99,negative,6.06,positive,2.04,3,4
24,29,12,34205308,7.04,positive,3.06,negative,7.06,5.04,1
24,30,38,35204692,2.03,negative,7.08,positive,1.94,4.05,1
24,31,15,36179361,6,positive,2,negative,6.03,4.09,1
24,32,25,37258434,3.12,negative,6.99,positive,4.04,4.97,1
24,33,39,38229664,2.12,negative,7.95,positive,3.01,4.09,1
24,34,8,39340883,7.03,positive,4.99,negative,6.04,6.01,5
24,35,40,40364772,5,negative,2.97,negative,4.99,4.04,1
24,36,34,41763796,4.05,negative,5.01,positive,4.01,3.03,1
24,37,11,42926008,7.03,positive,5.06,positive,7.08,5.95,3
24,38,35,43923664,4.05,negative,6.03,positive,5.04,3.97,1
24,39,13,45056948,8,positive,6.06,positive,6.03,7.04,3
24,40,14,46052439,8.05,positive,6.04,positive,7.08,6.01,5
25,1,24,2972486,3.05,negative,2,negative,7.04,7.99,1
25,2,28,3995423,5.01,positive,1.03,negative,6.04,1,2
25,3,30,5005569,4.03,negative,4.14,negative,5.01,8.03,3
25,4,38,6004455,1,negative,7.05,positive,8.09,1,1
25,5,9,6941303,8.09,positive,7.99,positive,8.08,8.03,3
25,6,17,7861598,5.04,positive,5.04,positive,5.05,4.94,1
25,7,6,8733472,5,negative,6.06,positive,8.05,6.04,2
25,8,23,9731125,2.01,negative,7.03,positive,8.05,7.14,1
25,9,4,10708790,5,negative,2.01,negative,8.03,1.9,1
25,10,37,11736778,1,negative,7.08,positive,9,1,1
25,11,20,12598213,7.08,positive,7.09,positive,8.06,7.04,1
25,12,5,13456351,5.04,positive,1.94,negative,5.01,2.04,1
25,13,22,14314239,8.03,positive,7.06,positive,8,8.06,1
25,14,34,15175337,4.95,negative,3.05,negative,7.97,1.97,1
25,15,18,16030142,3.04,negative,6.04,positive,6.04,7.14,1
25,16,32,16941853,1,negative,6.04,positive,9,1,1
25,17,8,17776219,8.04,positive,8.06,positive,8.06,9,4
25,18,25,18611109,4.96,negative,5.06,positive,7.06,3.05,2
25,19,7,19478815,6.08,positive,8.05,positive,8.03,7.01,2
25,20,2,20341343,2.99,negative,6.06,positive,7.04,6.03,1
25,21,33,24004837,1.94,negative,6.06,positive,8.09,1.04,1
25,22,1,24844886,8.06,positive,8.08,positive,7.12,8.1,1
25,23,39,25678102,1,negative,6.06,positive,8,1,1
25,24,36,26470266,3,negative,7.1,positive,4.08,7.1,1
25,25,14,27357966,8.09,positive,7.04,positive,6,9,4
25,26,12,28184858,8.04,positive,8.08,positive,6,9,1
25,27,21,29027298,6.03,positive,5,negative,5.96,6.12,1
25,28,40,29881341,1,negative,4.97,negative,8.09,1,1
25,29,19,30659853,7.06,positive,6.08,positive,6.08,7.1,1
25,30,15,31467801,7.01,positive,5.08,positive,6.09,8.08,1
25,31,27,32382092,5.03,positive,2.97,negative,7.97,4.92,1
25,32,35,33252963,3.03,negative,6,positive,6.01,2.09,1
25,33,31,34050257,1.01,negative,7.12,positive,3.06,8.03,1
25,34,29,34873144,1,negative,5.99,positive,4.03,9,4
25,35,3,35701196,7.12,positive,7.09,positive,6.99,6.94,2
25,36,13,36516022,7.97,positive,6.04,positive,7.04,8.12,1
25,37,26,37349746,4.99,negative,1.06,negative,8.04,5.04,1
25,38,11,38154800,9,positive,9,positive,6.08,8.1,1
25,39,10,38962524,1,negative,6.12,positive,7.05,1.12,1
25,40,16,39762982,6.05,positive,3.01,negative,7.03,6.04,1
26,1,40,2488482,3.06,negative,1,negative,4.97,2.05,1
26,2,11,3490747,8.04,positive,6.88,positive,5.99,8.96,1
26,3,10,4392772,3.08,negative,2.91,negative,2.92,6.06,1
26,4,27,5358610,6,positive,4.03,negative,5.04,9,2
26,5,9,6228135,8.05,positive,7.17,positive,6.04,9,4
26,6,32,7085868,1.96,negative,1.96,negative,4.12,6.97,2
26,7,36,8067349,2.92,negative,1.92,negative,2.72,6.01,1
26,8,5,8890897,4,negative,3.01,negative,5.04,2.01,1
26,9,29,9759006,6.09,positive,4.9,negative,6.04,8.97,5
26,10,17,10632981,5.04,positive,5.03,positive,5.04,5.14,1
26,11,7,11411216,6.08,positive,7.1,positive,7,7.08,5
26,12,22,12240767,6.97,positive,4.99,negative,6.23,6.88,1
26,13,12,13050490,7.04,positive,5.04,positive,5.97,7.04,1
26,14,31,13886601,1.97,negative,1.94,negative,3.09,6.97,1
26,15,23,14757410,2.28,negative,2.88,negative,3.96,6.13,2
26,16,37,15618282,1,negative,1,negative,2.79,1,1
26,17,28,16468503,5.97,positive,5.04,positive,3.95,6.09,1
26,18,25,17342031,7.14,positive,3.95,negative,5.03,8.15,1
26,19,30,18205903,4.95,negative,2.01,negative,2.88,7.1,3
26,20,16,19054508,6.19,positive,3,negative,6.1,3.12,3
26,21,8,22052247,8.01,positive,8.17,positive,7.12,9,4
26,22,33,22855807,1,negative,1,negative,3.99,1,1
26,23,24,23687930,9,positive,4.96,negative,6.12,9,5
26,24,35,24523745,2.97,negative,1,negative,3.09,3.96,1
26,25,6,25361472,8.09,positive,7.04,positive,7.04,9,1
26,26,21,26204739,6.06,positive,2.94,negative,5.06,7.22,4
26,27,26,27036901,5.05,positive,4.04,negative,5.04,6,1
26,28,39,27832518,1.95,negative,1.97,negative,3.97,1.04,1
26,29,15,28707053,7.01,positive,5.04,positive,4.92,6.12,1
26,30,18,29602180,9,positive,2.99,negative,6.17,8.99,5
26,31,34,30516104,1,negative,5.01,positive,3.18,3.01,1
26,32,14,31441888,9,positive,8.05,positive,7.13,9,4
26,33,13,32244285,7.12,positive,2.94,negative,6.05,7.1,2
26,34,3,33054739,9,positive,8.08,positive,7.1,8.96,4
26,35,20,33922776,8.08,positive,6.97,positive,7.05,9,5
26,36,38,34768488,1.15,negative,1.06,negative,2.18,1,1
26,37,19,35583822,8,positive,7.06,positive,6.03,7.96,5
26,38,2,36403598,6.96,positive,7.13,positive,6.05,8.13,1
26,39,1,37217487,7.97,positive,7.9,positive,6.21,8.86,1
26,40,4,38013820,8.03,positive,8.05,positive,6.09,9,2
27,1,11,2480922,9,positive,5.04,positive,9,8.05,1
27,2,33,3381608,5.04,positive,3.04,negative,8.97,5.04,1
27,3,38,4234218,1,negative,4.91,negative,6.92,1,1
27,4,22,5259977,7.29,positive,5.04,positive,9,8.08,1
27,5,7,6111516,4.94,negative,5.04,positive,9,7.03,1
27,6,6,7055035,7,positive,5.04,positive,8.08,7.96,3
27,7,14,7918895,8.06,positive,7.03,positive,9,9,4
27,8,32,8743129,5.04,positive,5.03,positive,9,6,1
27,9,17,9609824,9,positive,7.08,positive,9,9,1
27,10,10,10439539,6.01,positive,5.04,positive,7.06,7.03,1
27,11,8,11303906,8.24,positive,8.17,positive,8.01,9,1
27,12,4,12096808,7.05,positive,7.01,positive,9,7.08,3
27,13,16,12894932,8.06,positive,6.06,positive,8.95,8.03,1
27,14,5,13747642,4.97,negative,1,negative,9,1,1
27,15,37,14574797,2.99,negative,5.03,positive,7.1,5.13,1
27,16,13,15409013,7.01,positive,7.14,positive,9,8.03,1
27,17,28,16238576,5.04,positive,2.01,negative,9,7.06,1
27,18,23,17047622,8,positive,6.04,positive,9,8.03,1
27,19,31,17860074,5.08,positive,6.04,positive,8.04,7.09,1
27,20,26,18712059,5.04,positive,2.06,negative,9,6.08,1
27,21,36,21275178,6.13,positive,7.21,positive,9,8.1,1
27,22,3,22050147,9,positive,8.04,positive,9,9,1
27,23,21,22813886,9,positive,8.14,positive,9,8.12,1
27,24,35,23577726,1,negative,1,negative,5.03,5.04,1
27,25,40,24406178,5.04,positive,3.06,negative,9,5.04,1
27,26,2,25186839,7,positive,7.03,positive,9,8.1,1
27,27,9,25984565,8.99,positive,9,positive,9,9,5
27,28,20,26775370,6.97,positive,5.04,positive,9,6.06,1
27,29,34,27553196,2.85,negative,1,negative,9,1.12,1
27,30,19,28358439,5.06,positive,2,negative,9,4.04,2
27,31,39,29149727,2.14,negative,1.01,negative,9,1.97,1
27,32,15,29935959,5.04,positive,3.06,negative,9,5.04,1
27,33,27,30707630,4.97,negative,1,negative,9,1,1
27,34,1,31539412,6.03,positive,5.04,positive,9,6,1
27,35,12,32314587,4.18,negative,5.04,positive,8.96,5.04,1
27,36,25,33070831,4,negative,1,negative,9,6.04,1
27,37,30,33891050,7.08,positive,7.04,positive,8.96,8,2
27,38,18,34673843,9,positive,8.99,positive,9,9,5
27,39,29,35431585,7.18,positive,5.04,positive,9,7.03,1
27,40,24,36194658,8.9,positive,7.97,positive,8.97,7.99,3
28,1,12,1903620,6.06,positive,2.05,negative,5.04,5.99,1
28,2,34,2764551,5.99,positive,7.06,positive,7.03,6,1
28,3,2,3597195,7.99,positive,8.1,positive,8.06,9,1
28,4,7,4400765,8.09,positive,9,positive,7.08,9,4
28,5,21,5192388,2.01,negative,1.95,negative,3,4.95,1
28,6,22,6023875,5.03,positive,1,negative,5,2.05,1
28,7,32,6865767,3.05,negative,7.05,positive,8.01,3.03,3
28,8,33,7706955,7.01,positive,7.92,positive,9,7.06,1
28,9,15,8486596,5.04,positive,1,negative,3.03,2.01,1
28,10,17,9307588,6.99,positive,3.09,negative,7.05,6.97,1
28,11,30,10126142,1.99,negative,2,negative,2.88,9,5
28,12,35,11004502,1.08,negative,6.05,positive,8.96,1,1
28,13,3,11865276,9,positive,7.04,positive,7,9,5
28,14,24,12719651,4.04,negative,3.01,negative,3.04,6,4
28,15,1,13551534,7.03,positive,7.09,positive,8.01,8.01,1
28,16,18,14326698,8.08,positive,2.97,negative,5.06,8,4
28,17,38,15125163,1.96,negative,7.96,positive,9,1,1
28,18,11,15945990,7.01,positive,4.03,negative,6,7.03,1
28,19,6,16775717,8.15,positive,8.1,positive,8.06,9,5
28,20,9,17594821,5.04,positive,5,negative,5.04,4.99,3
28,21,37,18556262,1.01,negative,5,negative,8.95,1,2
28,22,16,19400371,6.91,positive,2.01,negative,5.97,7.97,1
28,23,4,20235357,8.08,positive,7.09,positive,6.96,8.08,1
28,24,26,21074241,1.99,negative,1,negative,1.91,2,1
28,25,25,21886296,4.06,negative,3.05,negative,6.97,8.09,1
28,26,14,22701010,8.03,positive,3.04,negative,7.04,8.97,5
28,27,23,24376444,2.03,negative,3.04,negative,1.99,2.01,1
28,28,8,25142677,7.01,positive,2.09,negative,2.99,6.01,4
28,29,10,25978062,7.99,positive,7.13,positive,8.08,8.08,1
28,30,27,26775788,6.08,positive,6.01,positive,6.01,6.94,2
28,31,20,27553255,8.04,positive,6.99,positive,5.01,7.99,1
28,32,13,28414898,2.09,negative,1.01,negative,2.05,1.9,1
28,33,31,29217685,6.91,positive,7.04,positive,7.99,7.06,1
28,34,39,29988757,1.04,negative,3.06,negative,2.05,2.06,1
28,35,40,30789484,7.1,positive,7.04,positive,7.14,7.97,1
28,36,5,31547488,7.04,positive,8.03,positive,8.19,9,5
28,37,29,32318627,2.06,negative,1.97,negative,2.92,3,4
28,38,19,33083309,7.03,positive,7.08,positive,7.06,9,5
28,39,28,33898368,2.9,negative,1.85,negative,3.09,2,1
28,40,36,34679087,3.08,negative,2.96,negative,1.92,1.88,1
29,1,6,2550904,8.03,positive,6.08,positive,7.04,8.06,5
29,2,25,3720665,3.03,negative,3.97,negative,4.06,4,1
29,3,8,4735642,7.04,positive,5,negative,6.03,7.05,5
29,4,5,5628336,6.05,positive,8.05,positive,8.06,8,5
29,5,18,6587839,7.01,positive,5.04,positive,6.03,6.09,5
29,6,37,7529857,5.01,positive,5,negative,7.03,1,1
29,7,3,8441777,9,positive,7.08,positive,8.01,8.08,3
29,8,12,9332245,6.04,positive,4.05,negative,5.04,4.08,1
29,9,39,10170019,6.05,positive,8.08,positive,9,4.95,1
29,10,19,11124637,7.05,positive,6.06,positive,5.05,5.99,5
29,11,11,11989004,8.03,positive,7.01,positive,7.01,7.01,1
29,12,32,12839055,4.04,negative,9,positive,7.08,4.01,5
29,13,13,13802882,6.06,positive,2.92,negative,3.96,6.08,1
29,14,2,14712561,7.05,positive,7.05,positive,7.01,8.1,4
29,15,21,15591166,2.92,negative,2.03,negative,8.03,1,1
29,16,22,16595931,3.05,negative,2.99,negative,3.04,5.04,1
29,17,17,17451303,5.08,positive,1,negative,2.03,3,1
29,18,14,18368650,8.06,positive,5.05,positive,8.03,9,5
29,19,31,19279740,1,negative,8.04,positive,2.04,1,1
29,20,33,20184764,1.99,negative,7.03,positive,1,1,2
29,21,10,22464755,7.01,positive,9,positive,9,7.95,5
29,22,7,23267485,7.04,positive,7.1,positive,8.06,7.12,5
29,23,23,24140517,2.05,negative,1,negative,2.88,1.92,1
29,24,1,25008618,6.06,positive,5.06,positive,6.05,6.04,1
29,25,28,25813958,1.04,negative,2.1,negative,2.03,5.01,1
29,26,36,26642991,5.03,positive,7.05,positive,8.05,5.04,1
29,27,9,27476278,7.06,positive,6.06,positive,7.03,7.08,5
29,28,35,28274769,1.92,negative,8.04,positive,1.99,1,1
29,29,27,29099155,7.09,positive,6.06,positive,8.99,7.94,4
29,30,29,29968091,3.97,negative,1,negative,4.03,3.04,3
29,31,16,30864784,3,negative,1,negative,2.05,1.91,1
29,32,4,31671281,7.17,positive,8.09,positive,8.06,6.99,1
29,33,26,32456518,3,negative,1,negative,2,1,3
29,34,20,33283626,8.03,positive,7.09,positive,9,6.97,5
29,35,24,34069357,4.12,negative,7,positive,7.1,6.05,5
29,36,30,34908508,2.95,negative,7.12,positive,2.1,6.04,4
29,37,38,35749450,1.88,negative,1.79,negative,1,1,1
29,38,15,36579666,4.01,negative,1.97,negative,3,3.29,1
29,39,34,37396720,3.95,negative,7.97,positive,3.04,1,1
29,40,40,38199946,6.01,positive,7.09,positive,8.05,6.05,1
30,1,24,2952661,5.99,positive,4.95,negative,6.05,6.08,5
30,2,25,3826971,3.92,negative,4,negative,3.99,4,4
30,3,13,4690339,4.04,negative,4.97,negative,3.96,2.95,2
30,4,37,5533383,4.13,negative,3.95,negative,2.71,2.03,1
30,5,14,6345767,5.04,positive,5,negative,5.04,6.14,5
30,6,39,7101740,2.97,negative,4.12,negative,5.04,1,1
30,7,1,7878640,5.04,positive,5.04,positive,5.04,5.04,2
30,8,20,8642305,7.26,positive,7.06,positive,7.03,8.12,5
30,9,23,9440543,3,negative,2.99,negative,3.06,1.03,3
30,10,21,10273320,3.05,negative,2.9,negative,3.05,1,1
30,11,12,11076819,5.15,positive,3,negative,5.04,2.01,1
30,12,35,11877371,5.04,positive,4.94,negative,5.04,7.15,4
30,13,11,12663608,6.06,positive,7.14,positive,5.23,6.08,2
30,14,17,13491990,7.13,positive,6.06,positive,5,5.03,2
30,15,2,14275879,7.15,positive,6.12,positive,4.95,7.94,3
30,16,26,15143760,5.01,positive,1,negative,5.05,3.18,1
30,17,5,15969798,6.19,positive,6.94,positive,5.04,6.08,5
30,18,4,16812187,7.04,positive,6.96,positive,6.06,7.09,5
30,19,34,17621061,4.99,negative,6.01,positive,4.91,3.05,1
30,20,19,18444801,8.27,positive,7.03,positive,5.01,7.19,5
30,21,6,20497930,6.22,positive,5.95,positive,6.19,6.01,5
30,22,8,21266990,6.05,positive,6.01,positive,6.19,5.94,5
30,23,3,22015056,6.15,positive,5.92,positive,5.92,7.01,5
30,24,15,22807360,5.01,positive,4.01,negative,5,2.79,1
30,25,33,23594685,3.91,negative,3.05,negative,4.09,1,1
30,26,30,24440907,4.04,negative,6.14,positive,4.09,5.99,5
30,27,22,25263960,4.05,negative,4.03,negative,4.18,3.06,5
30,28,16,26045749,5.04,positive,5.04,positive,5.03,5.04,4
30,29,7,26775607,4.05,negative,4.06,negative,4.03,2.96,5
30,30,28,27554516,5.06,positive,4.97,negative,3.91,3.12,1
30,31,32,28393227,5.01,positive,3.94,negative,7.04,4.03,3
30,32,10,29219267,5.08,positive,4.99,negative,9,2.97,1
30,33,18,30017154,7.05,positive,5.06,positive,7.03,6.97,2
30,34,40,30794957,5.05,positive,3.99,negative,9,2.04,1
30,35,29,31597515,7.23,positive,5.1,positive,5.1,6.05,4
30,36,36,32364188,4.03,negative,2.96,negative,6.88,3,1
30,37,9,33154649,7.08,positive,6.14,positive,4.99,7,5
30,38,27,33935484,8.01,positive,6.27,positive,6,7.12,4
30,39,38,34718447,5.04,positive,5.04,positive,5.04,5.04,1
30,40,31,35450030,3.86,negative,3.95,negative,5.12,3.97,1
31,1,19,2696702,7.95,positive,6.06,positive,6.04,7.01,5
31,2,13,3615719,8.09,positive,4.04,negative,8.04,8.09,1
31,3,34,4470827,1.95,negative,8.03,positive,2.08,1,1
31,4,2,5288216,5.03,positive,7.06,positive,3.08,4.03,2
31,5,27,6134031,5,negative,1.95,negative,5.04,7.17,1
31,6,11,6955921,9,positive,2.82,negative,8.23,9,1
31,7,28,7797815,5.01,positive,1.96,negative,7,6.97,1
31,8,26,8677170,7.08,positive,1.96,negative,4.05,8.04,1
31,9,21,9520940,5.09,positive,8.04,positive,8.05,6.09,1
31,10,1,10372815,6.79,positive,5.97,positive,8.08,8.09,3
31,11,29,11206530,5.09,positive,1,negative,8.03,6.09,4
31,12,32,12082344,1,negative,7.97,positive,1.01,1.04,1
31,13,39,12910113,1,negative,9,positive,1,1.01,1
31,14,24,13664525,5,negative,2.06,negative,7.04,5.99,5
31,15,40,14482742,3.99,negative,8.06,positive,2.09,2.03,1
31,16,30,15317395,3.13,negative,8.01,positive,1,7.06,4
31,17,37,16147942,1,negative,9,positive,1.01,1,1
31,18,36,16921339,4.97,negative,6.95,positive,1.96,1.96,1
31,19,38,17717467,1,negative,9,positive,1,1,1
31,20,6,18473325,4.99,negative,4.97,negative,6.06,6.1,4
31,21,18,19354741,7.06,positive,2.62,negative,6.9,8.12,5
31,22,17,20180066,4.94,negative,2.1,negative,5.04,5.95,1
31,23,7,20975958,6.05,positive,5.06,positive,5.04,6.29,4
31,24,25,21775184,6.14,positive,3.1,negative,7.97,7.06,1
31,25,20,22578065,6.9,positive,3.12,negative,7.86,6,1
31,26,16,23393193,6.09,positive,4,negative,2.03,7.05,1
31,27,33,24260230,4.18,negative,9,positive,2.85,1.88,1
31,28,35,25057558,4.03,negative,7.14,positive,1.81,1,1
31,29,22,25888948,5.04,positive,3.96,negative,5.04,5.99,1
31,30,9,26667908,6.06,positive,3.88,negative,6.04,6.96,3
31,31,8,27437909,6.03,positive,4.04,negative,6.12,8.01,3
31,32,4,28236311,6.97,positive,2.96,negative,5.97,6.99,1
31,33,10,29016210,4.01,negative,6.08,positive,1.62,5.03,1
31,34,5,29834496,6.22,positive,5.03,positive,6.13,7.08,3
31,35,3,30607400,8.04,positive,5.08,positive,7.05,8.09,5
31,36,23,31439723,1,negative,7.08,positive,8.04,4.09,1
31,37,31,32252843,5,negative,5,negative,3.03,6.92,1
31,38,15,33064236,6.05,positive,1,negative,8.03,6.13,1
31,39,12,33872739,7.14,positive,2.1,negative,2.86,8.03,1
31,40,14,34676626,8.06,positive,3.95,negative,8.03,8.08,5
32,1,28,2182545,6.03,positive,5,negative,8.28,6.36,5
32,2,32,3116896,3.87,negative,7.15,positive,7.13,6.23,2
32,3,14,4006583,7.1,positive,6.03,positive,9,6.83,3
32,4,13,4866961,7.09,positive,3.87,negative,9,6.99,2
32,5,9,5746561,7.86,positive,4.17,negative,8.94,7.04,5
32,6,15,6564781,5.01,positive,1.77,negative,9,2.81,1
32,7,33,7362343,4.06,negative,1,negative,6.96,1,1
32,8,2,8197153,4.99,negative,2.99,negative,7.96,1.01,1
32,9,8,9014043,7.96,positive,6.06,positive,8.05,7.15,3
32,10,37,9832435,2.81,negative,6.13,positive,6.06,1.04,1
32,11,16,10629893,3.97,negative,6,positive,7.03,6.23,2
32,12,21,11490435,4.12,negative,5.99,positive,7.17,3.83,1
32,13,24,12321148,1,negative,7.31,positive,4.85,6.86,5
32,14,22,13099155,4.15,negative,6.06,positive,8.09,6.18,1
32,15,6,13900221,5.78,positive,3.99,negative,7.99,2.28,3
32,16,35,14751253,3.88,negative,7.26,positive,6.04,1,1
32,17,12,15567977,7.31,positive,3.88,negative,9,5.33,1
32,18,4,16386195,6.96,positive,5.14,positive,9,6.14,3
32,19,39,17263458,3.99,negative,7.17,positive,4.85,1,1
32,20,17,18043463,6.09,positive,5.03,positive,9,3.94,3
32,21,11,19021628,8.24,positive,6.22,positive,8.99,6.88,3
32,22,30,19808193,1,negative,7.27,positive,4.73,6.92,5
32,23,40,20580655,7.15,positive,4.03,negative,9,1.88,1
32,24,20,21359815,6.03,positive,4.12,negative,9,5.03,1
32,25,36,22161046,3.91,negative,6.96,positive,5.82,3.12,1
32,26,34,22978167,4.05,negative,6.27,positive,7.03,1.26,1
32,27,5,23763160,7.15,positive,5.94,positive,9,4.81,2
32,28,27,24551731,6,positive,7.24,positive,7.97,5.81,5
32,29,31,25341691,4.17,negative,5.96,positive,7.13,1.97,1
32,30,19,26142197,8.24,positive,7.24,positive,9,8.04,5
32,31,38,26920483,3.05,negative,7.01,positive,5.1,1.1,1
32,32,29,27700383,4.09,negative,6.08,positive,8.97,4,2
32,33,26,28487055,5.14,positive,3.09,negative,8.83,3.08,1
32,34,7,29262454,4.94,negative,4.09,negative,9,2.09,1
32,35,23,30104665,3.01,negative,6.15,positive,5.08,6.17,2
32,36,1,30916115,8.13,positive,4.83,negative,9,4.87,2
32,37,18,31703107,8.03,positive,7.06,positive,8.96,8.18,5
32,38,3,32482079,8.05,positive,7.09,positive,8.86,7.08,5
32,39,25,33248922,4.01,negative,7.17,positive,8.01,6.94,2
32,40,10,34020155,4.08,negative,5.95,positive,8.82,3.9,5
,,,,,,,,,,
,,,,,,,,,,
